brand,nama_produk,harga_coret,harga_diskon,nominal_diskon,jumlah_terjual
Mie Sedaap,Mie Sedaap Rasa Soto,0,3500,0,30
Mie Sedaap,Mie sedaap bakso special,0,3500,0,57
Mie Sedaap,Mie Sedaap Goreng.,0,3750,0,196
Mie Sedaap,Mie Sedaap Goreng,0,3500,0,54
Mie Sedaap,SEDAAP MIE KUAH RASA SOTO ISI 5 BUNGKUS X75 GR,0,12890,0,1000
Mie Sedaap,SEDAAP MIE GORENG ISI 5 BUNGKUS X 90 GR,0,16360,0,1000
Mie Sedaap,Sedaap Mie Instan Goreng Isi 5 Bag 90 gr,0,15800,0,10000
Mie Sedaap,Sedaap Mie Instan Soto Isi 5 Bag 75 gr,0,15000,0,10000
Mie Sedaap,Mie Sedaap Soto 75gr isi 5 x 8 pack (1 box),0,112100,0,10000
Mie Sedaap,Sedaap Mie Instan Singapore Spicy Laksa Bag 83 gr x5,0,15500,0,10000
Mie Sedaap,SEDAAP MIE CUP SINGAPORE SPICY LAKSA 86 GR,0,5340,0,5
Mie Sedaap,Sedaap Mie Instan Kari Kental Special Bag 75 gr isi 40 (Kardus),0,120700,0,10000
Mie Sedaap,"mie sedaap dengan 12 variant, BELI 1 PCS BISA COD",0,4250,0,1000
Mie Sedaap,Sedaap Mie Instan White Curry Bag 81 gr x5,0,15400,0,10000
Mie Sedaap,Sedaap Mie Instan Ayam Bakar Limau Bag 89 gr x5,0,16300,0,10000
Mie Sedaap,Sedaap Mie Instan Korean Spicy Chicken Bag 87 gr isi 40 (Kardus),0,128200,0,10000
Mie Sedaap,Mie Sedaap Soto 75 gr isi 5 + Mie Sedaap Goreng 90 gr isi 5,0,29700,0,10000
Mie Sedaap,Sedaap Mie Instan Ayam Jerit 77 gr x5,0,15400,0,10000
Mie Sedaap,Sedaap Mie Instan Ayam Bakar Limau Bag 89 gr Carton (40 pcs),0,128300,0,55
Mie Sedaap,Sedaap Mie Instan Ayam Bawang Bag 71 gr isi 40 (Kardus),0,105600,0,10000
Mie Sedaap,Mie Sedaap Ramen Yes Bundling [promo beli 2 gratis 1],0,10500,0,26
Mie Sedaap,Sedaap Mie Instan Korean Spicy Soup Bag 77 gr x5,0,15400,0,10000
Mie Sedaap,SEDAAP MIE KOREAN SPICY CHICKEN 87 GR,0,3520,0,428
Mie Sedaap,SEDAAP MIE AYAM BAWANG ISI 5,0,14880,0,377
Mie Sedaap,Sedaap Mie Instan Ayam Bawang Bag 71 gr x5,0,15500,0,10000
Mie Sedaap,Sedaap Mie Instan Cup Kari Spesial 81 gr Carton (12 pcs),0,52100,0,166
Mie Sedaap,Sedaap Mie Instan Cup Kari Mercon 79 gr x3,0,13700,0,10000
Mie Sedaap,Sedaap Mie Instan Singapore Spicy Laksa 83g x5,0,15500,0,10000
Mie Sedaap,SEDAAP Mie Korean Spicy 5pcs x 87gr,0,23000,0,164
Mie Sedaap,Promo 12 Pcs Mie Ramen Yes Sedaap Varian Kuah/Goreng,0,35000,0,35
Mie Sedaap,"Mie Instan Sedaap Soto 5pcs - Kenyal, Gurih, Praktis",0,13500,0,3
Mie Sedaap,Mie Sedaap Selection Mie Instan Korean Spicy Chicken 5 x 87 gr,0,16300,0,4000
Mie Sedaap,Sedaap Mie Instant Goreng/Kuah Varian Rasa Lengkap,0,3900,0,10000
Mie Sedaap,Mie Sedaap Goreng 90gr isi 5 Triple Pack,0,45400,0,10000
Mie Sedaap,Sedaap Mie Instan Singapore Spicy Laksa Bag 83 gr isi 40 (Kardus),0,120700,0,10000
Mie Sedaap,Sedaap Mie Instan Singapore Spicy Laksa Bag 83 gr Carton (40 pcs),0,120700,0,19
Mie Sedaap,Sedaap Mie Instan Goreng Isi 5 Bag 90 gr x3,0,45400,0,10000
Mie Sedaap,Sedaap Mie Instan Ayam Spesial 69 gr Carton (40 pcs),0,120900,0,47
Mie Sedaap,Mie Sedaap Mi Goreng Mie Instan 5 x 90 gr (4 pack),0,60300,0,10000
Mie Sedaap,Sedaap Mie Instan Goreng Ala Chef Bag 93 gr x5,0,16300,0,10000
Mie Sedaap,MIE SEDAAP Rasa Soto Pack Isi 5,0,21200,0,235
Mie Sedaap,Sedaap Mie Instan Cup Korean Spicy Chicken 81 gr Carton (12 pcs),0,55100,0,133
Mie Sedaap,MIE SEDAAP Cheese Buldak 5 Pcs x 89 Gr,0,23000,0,45
Mie Sedaap,Sedaap Mie Kuah Instant,0,4500,0,1000
Mie Sedaap,Sedaap Mie Instan Ayam Bawang Isi 5 Bag 71 gr,0,14589,0,7
Mie Sedaap,Sedaap Mie Instan Singapore Spicy Laksa Bag 83 gr isi 40 (Kardus),0,128700,0,0
Mie Sedaap,mie sedaap cup goreng 1 dus isi 12 cup,0,59900,0,32
Mie Sedaap,SEDAAP MIE SINGAPORE SPICY LAKSA 83 GR,0,3410,0,682
Mie Sedaap,(DUS) MIE SEDAAP MIE INSTAN ISI 40 N1856,0,163020,0,3
Mie Sedaap,Sedaap Mie Instan Cup Soto 81 gr x3,0,13700,0,10000
Mie Sedaap,Mie Sedaap Goreng 90gr x 40 (1 box),0,128200,0,2000
Mie Sedaap,Mie Sedaap Mie Instan Rasa Soto 3 x 375 gr,0,43200,0,6000
Mie Sedaap,Sedaap Mie Instan Cup Ayam Nampool 75 gr Carton (12 pcs),0,52100,0,79
Mie Sedaap,1 DUS Mie Sedaap Cup All Varian Rasa Isi 12 pcs,0,61749,0,5000
Mie Sedaap,Sedaap Mie Goreng 1 Praktis Berkualitas,0,3600,0,1000
Mie Sedaap,SEDAAP MIE KARI SPECIAL,0,3360,0,182
Mie Sedaap,Sedaap Mie Instan Ayam Spesial 69 gr x5,0,15900,0,10000
Mie Sedaap,Sedaap Mie Instan Cup Baso Bleduk 77 gr Carton (12 pcs),0,52100,0,316
Mie Sedaap,SEDAAP MIE KUAH AYAM JERIT 77GR,0,3120,0,219
Mie Sedaap,Sedaap Mie Goreng 90 Gr,0,3520,0,369
Mie Sedaap,MIE SEDAAP GORENG ISI 5 BKS N1853,0,25047,0,5
Mie Sedaap,SEDAAP MIE CURRY WHITE 81 GR,0,3630,0,376
Mie Sedaap,Sedaap Mie Instan Cup Soto 81 gr x12,0,52100,0,10000
Mie Sedaap,SEDAAP Mie Instan Soto Bag 75GR Box isi 40 Pcs,0,120700,0,2000
Mie Sedaap,Mie Instant Mie Sedaap Mie Goreng,0,4900,0,3
Mie Sedaap,Mie Sedaap Goreng Korean Series,0,18100,0,1000
Mie Sedaap,Sedaap Mie Instan Kari Ayam Bag 72 gr x5,0,15400,0,10000
Mie Sedaap,Mie Sedaap Cup All Varian - Mi Sedap,0,7800,0,4
Mie Sedaap,Sedaap Mie Instan Goreng Ala Chef Bag 93 gr x40,0,128300,0,9000
Mie Sedaap,Sedaap Mie Instan Ayam Jerit 77 gr Carton (40 pcs),0,129600,0,84
Mie Sedaap,Mie Sedaap Mi Instan Ayam Bakar Limau 5 x 89 gr,0,16300,0,5000
Mie Sedaap,Sedaap Mie Instan Goreng Bag 90 gr Box isi 40,0,128200,0,10000
Mie Sedaap,Mie Sedaap Soto 5 x 75 gr + Mie Sedaap Goreng 5 x 90 gr,0,29700,0,10000
Mie Sedaap,Sedaap Mie Instan Cup Singapore Spicy Laksa 86 gr Carton (12 pcs),0,52100,0,289
Mie Sedaap,Sedaap Mie Instan Cup Singapore Spicy Laksa 86 gr x3,0,13700,0,10000
Mie Sedaap,Sedaap Mie Instan Goreng Isi 5 Bag 90 gr Carton (8 pcs),0,118000,0,10000
Mie Sedaap,Sedaap Mie Instan Bakso Spesial Bag 77 gr x5,0,15500,0,10000
Mie Sedaap,Sedaap Mie Instan Goreng Salero Padang Bag 86 gr x3,0,11000,0,7000
Mie Sedaap,Sedaap Mie Instan Soto Isi 5 Bag 75 gr x3,0,43200,0,10000
Mie Sedaap,SEDAAP MIE INSTANT 1 DUS ISI 40 ED DES 2026,0,138996,0,10000
Mie Sedaap,Sedaap Mie Instan Goreng Bag 90 gr x40,0,128200,0,10000
Mie Sedaap,Sedaap Mie Instan Goreng Ayam Krispi Bag 88 gr Carton (40 pcs),0,136100,0,16
Mie Sedaap,Sedaap Mie Goreng Intan Salero Padang 86 gr x 2,0,7500,0,2000
Mie Sedaap,Sedaap Mie Instan Cup Korean Spicy Chicken 81 gr x12,0,55100,0,7000
Mie Sedaap,"Mie Instan Sedaap Goreng 5 Pcs - Praktis, Lezat, Higienis",0,17580,0,21
Mie Sedaap,Sedaap Mie Instan Goreng Ayam Krispi Bag 88 gr x5,0,16300,0,10000
Mie Sedaap,SEDAAP MI GORENG ALA CHEF DEVINA 93 GR,0,3520,0,42
Mie Sedaap,Sedaap Mie Instan Cup Bakso Spesial 77 gr x12,0,52100,0,10000
Mie Sedaap,Sedaap Mie Instan Cup Baso Bleduk 77 gr x12,0,52100,0,10000
Mie Sedaap,(BHGAA) MIE SEDAAP GORENG limau DAN KUAH ayam bawang spicy kari soto singapore korean 85GR,0,3478,0,3000
Mie Sedaap,Mie Sedaap Korean Cheese Buldak 86 gr isi 40pcs,0,128400,0,403
Mie Sedaap,Sedaap Tasty Mie Instan Bakmi Ayam Bag 129 gr Carton (12 pcs),0,74600,0,801
Mie Sedaap,SEDAAP Mie Instan Ayam Bawang Bag 70GR Box isi 40 Pcs,0,121200,0,473
Mie Sedaap,(10/5 PCS) SEDAAP MIE INSTAN ALL VARIAN PAKET HEMAT NOODLE FOOD,0,19900,0,4
Mie Sedaap,Mie Sedaap Goreng 72gr,0,23000,0,6
Mie Sedaap,Sedaap Mie Instan Cup Singapore Spicy Laksa 86 gr x12,0,52100,0,8000
Mie Sedaap,Sedaap Mie Instan Goreng Ala Chef Bag 93 gr Carton (40 pcs),0,128300,0,74
Mie Sedaap,Sedaap Tasty Mie Instan Bakmi Ayam Geprek Bag 124 gr x3,0,17600,0,6000
Mie Sedaap,SEDAAP Mie Instan Korean Spicy Chicken Bag Box Isi 40 pcs,0,128200,0,405
Mie Sedaap,Sedaap Mie Instan Soto Bag 75 gr x5,0,16200,0,10000
Mie Sedaap,Sedaap Mie Instan Ayam Bakar Limau Bag 89 gr x 10 pcs,0,35000,0,100
Mie Sedaap,Sedaap Mie Instan Goreng Ala Chef Bag 93 gr x 10 pcs,0,35000,0,642
Mie Sedaap,Mie Sedaap Mie Instan Goreng 5 x 90 gr,0,18100,0,10000
Mie Sedaap,SEDAAP MIE RASA BASO SPECIAL 77 GR,0,3630,0,108
Mie Sedaap,Sedaap Mie Instan Ayam Jerit 77 gr x 5 pcs,0,15400,0,1000
Mie Sedaap,PAKET 1 KARTON MIE SEDAAP INSTANT 75gr 90gr 92 gr x 40 PRLA MIE SEDAP,0,122290,0,628
Mie Sedaap,Sedaap Mi Instan Kuah White Curry 81 gr x 5,0,15400,0,4000
Mie Sedaap,Sedaap Mie Instan Cup Singapore Spicy Laksa 86 gr,0,5600,0,10000
Mie Sedaap,Mie Sedaap All Variant 10 Rasa Instan Enak,0,4500,0,216
Mie Sedaap,Sedaap Mie Instan Goreng Ayam Krispi Bag 88 gr x3,0,11000,0,10000
Mie Sedaap,Sedaap Mie Instan Cup Soto 81 gr Carton (12 pcs),0,52100,0,341
Mie Sedaap,Mie Sedaap Kari Ayam 5 x 72gr,0,15400,0,6000
Mie Sedaap,"20 Pcs Mie Instan SEDAAP Banyak Rasa (Variasi Pilihan) -Nikmati Kelezatan, Bumbu Otentik, Halal BPOM",0,65999,0,70
Mie Sedaap,Mie sedaap soto isi 5,0,14500,0,41
Mie Sedaap,Sedaap Mie Instan Cup Korean Spicy Chicken 81 gr x3,0,14500,0,10000
Mie Sedaap,SEDAAP MIE MIE INSTANT GORENG 5x91g,0,15700,0,10
Mie Sedaap,Mie Sedaap Korean Cheese Buldak Isi 20 Pcs | Paket Hemat Mi Sedaap Korea Pedas Keju | Mie Instan Korea Murah,0,73900,0,0
Mie Sedaap,Mie Sedaap Mie Instan Goreng Ayam Krispi 5 x 88 gr,0,16300,0,5000
Mie Sedaap,Mie Sedap Laksa Singapore Spicy Kuah Pedas 85g,0,3050,0,2000
Mie Sedaap,Mie Sedaap Kuah Sedap Kuah / Mie Sedaap Kuah Rasa Kari Spesial / Sedap Soto / Sedap Ayam Bawang,0,3132,0,10000
Mie Sedaap,MIE SEDAAP KOREAN SPICY CHICKEN 1 DUS ISI 40PCS,0,151000,0,5
Mie Sedaap,MI SEDAP REBUS,0,3499,0,241
Mie Sedaap,MIE SEDAAP MI INSTAN KUAH DAN GORENG BERBAGAI RASA - MIE SEDAP JELAS TERASA SEDAPNYA,0,3500,0,1000
Mie Sedaap,Mie Sedaap Instant Bisa Mix Rasa 1 Karton isi 40 Pcs - Mie Sedap Mix All Variant,0,68000,0,182
Mie Sedaap,Mie Sedaap Rasa Mi Goreng 91g / Rasa Soto 76g Kemasan 1 Dos Isi 40 Bungkus,0,128344,0,87
Mie Sedaap,MIE SEDAAP RASA AYAM BAWANG 1 DUS ISI 40PCS,0,144000,0,8
Mie Sedaap,[GROSIR] Mie Sedaap Goreng 1 Dus Isi 40 pcs Mie Instan Harga Murah & Original,0,139500,0,132
Mie Sedaap,Mie Sedaap Korean Spicy Soup 5 x 77 gr,0,15400,0,4000
Mie Sedaap,SEDAAP MIE KUAH KOREAN SPICY SOUP BAG 77 GR,0,3630,0,207
Mie Sedaap,[1 Dus ] Mie Sedaap Korean Spicy Chicken 87 Gram 40 Pcs - Mie Selection - Mie Sedaap Goreng Nikmat Pedas 1 Karton Seaweed Crunch,0,126990,0,5
Mie Sedaap,Sedaap Mie Instan Ayam Jerit 77 gr x 10 pcs,0,33300,0,927
Mie Sedaap,MI SEDAAP Mie Instan X 5 Pcs,0,22500,0,45
Mie Sedaap,Sedaap Mie Instan Cup Korean Spicy Soup 75 gr Carton (12 pcs),0,55100,0,16
Mie Sedaap,SEDAAP MIE MIE INSTAN GORENG 5X90GR,0,16900,0,5
Mie Sedaap,Mie Sedaap Cup Selection Korean Spicy Chicken ( 1 Dus Isi 12 Cup ),0,73500,0,2
Mie Sedaap,Mie Sedap Isi 5 Bungkus - Banded Packaging,0,16900,0,72
Mie Sedaap,SEDAAP MIE GORENG 5X75 GR,0,15200,0,83
Mie Sedaap,Mie Sedaap Mi Instan Goreng 3 x 90 gr,0,11000,0,10000
Mie Sedaap,SEDAAP MIE GORENG ALA CHEF 93GR,0,3600,0,64
Mie Sedaap,Sedaap Mie Instant Cup,0,7300,0,1000
Mie Sedaap,Mie Sedaap Campur Isi 20 Pcs | Goreng 10 + Soto 10 | Paket Hemat Mie Instan Mix Original Murah,0,72900,0,1
Mie Sedaap,Sedaap Tasty Mie Instan Bakmi Ayam Bag 3 x 129 gr,0,19400,0,4000
Mie Sedaap,Sedaap Mie Instan Goreng Ala Chef Bag 93 gr x 3 pcs,0,11000,0,959
Mie Sedaap,SEDAAP MIE GORENG 5X75 GR,0,14800,0,27
Mie Sedaap,Mie Sedaap Instant Goreng 90 gr x 2,0,7500,0,10000
Mie Sedaap,Mie Sedaap Mi Instan Kari Spesial 4 x 75 gr,0,13900,0,4000
Mie Sedaap,Mie Sedaap Ayam Bawang Isi 40 Pcs Mie Instan Kuah Karton,0,133000,0,3
Mie Sedaap,Mie Sedaap Mi Instan Kuah Soto 3 x 75 gr,0,10500,0,2000
Mie Sedaap,Mie Sedaap Selection Paket 3 - 10 pcs,0,11834,0,2000
Mie Sedaap,MIE SEDAAP INSTAN KUAH DAN GORENG,0,3150,0,9000
Mie Sedaap,MIE SEDAAP MIE INSTAN N1855,0,8711,0,0
Mie Sedaap,"Mie Instan Sedaap Rasa Ayam Bawang 70g - Ecer, Praktis, Nikmat",3999,300,3699,20
Mie Sedaap,Mie sedaap isi 5pcs x 90gr soto/goreng,0,16100,0,45
Mie Sedaap,Mie Instan Sedaap Soto - Mie Sedaap Banded Kemasan Baru,0,129000,0,1
Mie Sedaap,Mie Sedaap Goreng Isi 10 Pcs I Sedap Goreng 90gram,0,35000,0,82
Mie Sedaap,Mie Sedaap Singapore Spicy Laksa Isi 20 Pcs | Paket Hemat Mi Sedaap Laksa Pedas Kuah | Mie Instan Laksa Murah,0,73900,0,2
Mie Sedaap,Sedaap Mie Kari Ayam 72 Gr,0,3410,0,350
Mie Sedaap,Sedaap Mie Instan Ayam Bawang Bag 71 gr Carton (40 pcs),0,130100,0,0
Mie Sedaap,40 Pcs Mie Instan Sedaap Goreng & Kuah Kartonan,0,127000,0,2
Mie Sedaap,Mie Sedaap Mie Instan Korean Spicy Soup 77 gr x 15,0,49700,0,73
Mie Sedaap,Sedaap cup mi instan Singapore spicy laksa 86g,0,7500,0,19
Mie Sedaap,Mie Sedaap Ayam Bawang 1 Karton Isi 30 / 40 Mie Instan Original,0,107368,0,1
Mie Sedaap,SEDAAP MIE SOTO,0,3500,0,237
Mie Sedaap,1Dus Mie Sedaap Goreng/Soto/Ayam Bawang,0,136500,0,0
Mie Sedaap,SEDAAP MIE GORENG AYAM BAKAR LIMAU 89G,0,3840,0,52
Mie Sedaap,SEDAAP MIE GORENG BAG 5S,0,17800,0,37
Mie Sedaap,Mie Sedaap Semua Rasa Bumbu Spicy Gurih,0,3400,0,10000
Mie Sedaap,MIE SEDAAP CUP Goreng KOREAN SPICY CHICKEN 81GR,0,7500,0,7
Mie Sedaap,Mie Sedaap Soto 2 x 75 gr,0,7200,0,8000
Mie Sedaap,Mie Sedaap Mi Instan Kuah Soto 5 x 75 gr,0,16200,0,8000
Mie Sedaap,Mie Sedap Goreng Kriuk 90gr Isi 5 Bungkus,0,18999,0,311
Mie Sedaap,Sedaap Mie Instan Cup Goreng 81 gr x3,0,14500,0,10000
Mie Sedaap,SEDAAP MIE KUAH RASA SOTO MADURA 82G,0,3410,0,28
Mie Sedaap,[PCS] SEDAAP MIE INSTAN CUP SELECTION SINGAPORE SPICY LAKSA 86 GR,0,7500,0,2
Mie Sedaap,Sedaap Baked Mie Instan Goreng Bag 87 gr Carton (24 pcs),0,70200,0,54
Mie Sedaap,Mie Sedaap Goreng Kriuk 80gr Instan Sembako,0,3455,0,3000
Mie Sedaap,Sedaap Mie Instan Korean Spicy Chicken Bag 87 gr x20 Free Pop Socket + Phone Strap,0,69400,0,63
Mie Sedaap,MIE SedAAP GORENG INSTANT 5 pcs NOODLES MEE SEDAP MI INstan,0,22400,0,73
Mie Sedaap,Sedaap Mie Instan Goreng Cup 4 x 85 gr,0,22100,0,4000
Mie Sedaap,"( 1 Dus ) Mie Instan Sedaap Goreng / Soto / Kari / Ayam Bawang 90g - Rasa Gurih, Praktis, dan Higienis",0,147000,0,2
Mie Sedaap,Mie Sedaap Selection Mie Instan Singapore Spicy Laksa 83 gr x 15,0,49700,0,74
Mie Sedaap,SEDAAP MIE KOREAN CHEESE BULDAK 86GR,0,3600,0,313
Mie Sedaap,( Paket Hemat 8 Pcs) Mie Sedap Cup 85 gr X 8 (Mix Varian Goreng 4 + Kuah 4),0,44999,0,11
Mie Sedaap,Mie Sedaap Goreng 90gr x 20,0,69400,0,179
Mie Sedaap,Mie Sedaap Soto 1 Dus Isi 40 Pcs | Rasa Gurih Soto Asli Indonesia | Best Seller Grosir Murah Laris,0,122400,0,27
Mie Sedaap,Mie Instant Goreng Soto Kari Sedap sedaap,0,3600,0,43
Mie Sedaap,NEW ITEM NOODLE MIE SEDAAP BASO BLEDUK CUP 75g,0,7500,0,43
Mie Sedaap,Paket 5pcs Mie Sedaap Kuah Dan Goreng Kenyal,0,15800,0,196
Mie Sedaap,Mie Sedaap Ayam Bawang Isi 20 Pcs | Paket Hemat Mie Instan Ayam Bawang | Mi Sedaap Original,0,72900,0,0
Mie Sedaap,Sedaap Mie Instan Cup Kari Mercon 79 gr x12,0,52100,0,6000
Mie Sedaap,SEDAAP MIE KOREAN SPICY CHICKEN CUP 81 GR,0,5340,0,120
Mie Sedaap,Mie Sedaap Mie Instan Kari Ayam 72 gr x 15,0,49700,0,86
Mie Sedaap,mie instan sedaap goreng 90g,0,3800,0,183
Mie Sedaap,SEDAAP MIE RASA SOTO CUP 81 GR,0,5230,0,121
Mie Sedaap,Sedaap Mie Instan Goreng Ala Chef Bag 93 gr x 2 pcs,0,7500,0,1000
Mie Sedaap,SEDAAP MI KUAH RASA SOTO ISI 5BKS @75 GR KARTON,0,122780,0,3
Mie Sedaap,Sedaap Mie Instan Ayam Bawang Bag 71 gr x40,0,121200,0,10000
Mie Sedaap,Mie Sedaap Korean Spicy Chicken 87 gr x 5,0,18100,0,8000
Mie Sedaap,SEDAAP MIE CUP RASA BASO BLEDUK 77G,0,5230,0,177
Mie Sedaap,SEDAP MIE 85g 1dus murah dan Nikmat,0,160000,0,226
Mie Sedaap,MIE SEDAAP Tasty Bakmi Ayam 129gr,0,9100,0,212
Mie Sedaap,MIE SEDAAP Goreng Ayam Bakar Limau 5pcs x 89gr,0,23000,0,32
Mie Sedaap,Mie Sedap Soto Isi 5 Rasa Autentik,0,14500,0,195
Mie Sedaap,[1 Dus] Mie Sedaap Goreng 91 Gram 40 Pcs - Mie Sedaap Goreng Nikmat 1 Karton,0,126990,0,8
Mie Sedaap,Mie Sedaap Mi goreng series,0,5000,0,20
Mie Sedaap,Mie sedap SEDAAP all varian/mie sedap all varian goreng soto bakso koreo laksa spicy PROMO MURAH !!!,0,3342,0,1000
Mie Sedaap,Sedaap Mie Instan Ayam Bawang Bag 71 gr x 2 pcs,0,7200,0,911
Mie Sedaap,Mie Instan - Mie Sedaap Mix Variant Goreng dan Kuah - 1 dus - 40 Pcs (Best Seller),0,149100,0,26
Mie Sedaap,SEDAAP MIE KOREAN SPICY CHICKEN 87GR,0,3600,0,561
Mie Sedaap,1 karton Mie Sedaap Goreng 1 Karton Isi 40 Pcs Mie Instan Favorit,0,144500,0,6
Mie Sedaap,"Mie Sedaap All Variant paket 3, 5 dan 10 pcs paket hemat",0,11640,0,0
Mie Sedaap,SEDAAP Mie Goreng Isi 5 Pack,0,22600,0,215
Mie Sedaap,Sedaap Mie Instan Soto Ayam 5 x 75g Kuah Gurih,0,16350,0,417
Mie Sedaap,Sedaap Mie Instan Goreng Salero Padang Bag 86 gr x40,0,128200,0,1000
Mie Sedaap,SEDAAP MIE SOTO 5X75G,0,13000,0,133
Mie Sedaap,Sedap MIE KOREA (Isi 10 Bks),0,34450,0,15
Mie Sedaap,Mie Sedaap All varian 1 Dus Mix Rasa isi 40 Pcs,0,143000,0,899
Mie Sedaap,Sedaap Mie Instan Ayam Bawang Bag 11 x 70 gr,0,36800,0,72
Mie Sedaap,Mie Sedaap Mie Instan Cup Baso Bleduk 5 x 77 gr,0,26300,0,3000
Mie Sedaap,Mie Sedaap Mie Instant Soto Madura 82gr x 15,0,49700,0,43
Mie Sedaap,Sedaap Mie Instan Korean Spicy Soup Bag 77 gr Carton (40 pcs),0,120700,0,202
Mie Sedaap,Sedaap Mie Instan Goreng Paket Box 5 Pcs,0,26000,0,25
Mie Sedaap,Sedaap Mie Instan Kari Kental Special Bag 75 gr Carton (40 pcs),0,120700,0,471
Mie Sedaap,Sedaap Mie Instan Singapore Spicy Laksa Bag 83 gr x40,0,120700,0,10000
Mie Sedaap,Sedaap Mie Instan Soto Bag 75 gr x40,0,120700,0,10000
Mie Sedaap,MIE SEDAAP GORENG DUS ISI 40 PC,0,149900,0,12
Mie Sedaap,Sedaap Mie Goreng Isi 5Bks @ 90g Taburan Bawang Goreng,0,15720,0,163
Mie Sedaap,Mie Sedaap All Variant Goreng & Kuah Enak,0,5200,0,406
Mie Sedaap,Sedaap Mie Instan Cup Ayam Nampool 75 gr x12,0,52100,0,1000
Mie Sedaap,Mie Sedaap Kuah,0,3400,0,10000
Mie Sedaap,SEDAAP MIE GORENG 90GR,0,3000,0,58
Mie Sedaap,SedAAP Mie Soto 5pcs x 75gr,0,22000,0,56
Mie Sedaap,Sedaap Mie Instan Goreng Ayam Krispi 88 gr x 4,0,14600,0,807
Mie Sedaap,[ 1 dus ] mie sedaap cup kuah isi 12 cup,0,56250,0,10000
Mie Sedaap,SEDAAP Mie Kari Ayam 5pcs x 72gr,0,22000,0,45
Mie Sedaap,MIE SEDAAP Cup Mie Goreng 3pcs x 81gr,0,21900,0,49
Mie Sedaap,[DIJUAL PER DUS ISI 40] Mie Sedaap Sedap Kuah dan Goreng All Varian / Mie Instan,0,129500,0,1000
Mie Sedaap,Mie Sedaap Salero Padang 86g x 5 – Mie Goreng Rasa Rendang Asli! | Sembako Express,0,21600,0,19
Mie Sedaap,SEDAAP MIE INSTANT KUAH/GORENG AYAM BAWANG/BAKSO SPESIAL/SOTO/SINGAPORE SIPCY LAKSA/WHITE CURRY MIE GORENG SEDAP / MIE SEDAAP,0,3500,0,532
Mie Sedaap,Mie Sedaap Cup All Varian 1 dus,0,60000,0,470
Mie Sedaap,(1 DUS) MIE SEDAP INSTAN isi 40pcs (All Varian),0,137000,0,2
Mie Sedaap,NKSB - Mie Sedaap Instan Goreng Bag isi 5 x 90g,0,18500,0,0
Mie Sedaap,Mie Sedaap All Varian Rasa Lezat Halal,0,3500,0,537
Mie Sedaap,Mie Sedaap Instan Kuah Rasa Soto 7 x 75 gr,0,24000,0,163
Mie Sedaap,Mie Sedaap Mie Instan Cup Korean Spicy Chicken 5 x 81 gr,0,27500,0,840
Mie Sedaap,SEDAAP MIE KUAH RASA SOTO ISI 5 BUNGKUS X75 GR,0,12990,0,1000
Mie Sedaap,Mie Sedaap Cup Instant 12 Pcs Per Karton,0,62800,0,48
Mie Sedaap,Sedaap Mie Instan Cup Ayam Nampool 75 gr x 5 pcs,0,26300,0,67
Mie Sedaap,Sedaap Mie Instan Goreng Ala Chef Bag 93 gr x 5 pcs,0,16300,0,3000
Mie Sedaap,MIE SEDAAP ALL VARIAN / MIE SEDAAP ALL VARIAN GORENG SOTO MADURA KOREAN SPICY CHICKEN SOTO PEDAS,0,3594,0,4000
Mie Sedaap,Sedaap Mie Instan Ayam Bakar Limau Bag 89 gr x 3 pcs,0,11000,0,498
Mie Sedaap,MIE SEDAAP Cup Rasa Soto 2pcs x 81gr,0,14200,0,51
Mie Sedaap,Mie Sedaap paket isi 5 pcs,0,20000,0,211
Mie Sedaap,SEDAP MIE LAKSA (isi 10 bks),0,33100,0,102
Mie Sedaap,Sedaap Mie Instant isi 5 Goreng Soto,0,20900,0,246
Mie Sedaap,SEDAAP Mi Instan Goreng/Soto Bag isi 5 75gr,0,18300,0,343
Mie Sedaap,Sedaap Mie Instant Rasa Kaldu Ayam Spesial 1 Dus isi 40 Pcs,0,121648,0,121
Mie Sedaap,Sedaap Mie Instan Korean Spicy Chicken Bag 87 gr x40,0,128200,0,10000
Mie Sedaap,Mie Goreng Sedaap Isi 20 Pcs I Sedap Goreng Setengah Dus,0,65000,0,4
Mie Sedaap,Mie Instan Sedaap Goreng 1 Dus isi 40 Pcs,0,144900,0,0
Mie Sedaap,1 dus mie sedaap cup semua rasa isi 12 cup PROMO,0,65000,0,4000
Mie Sedaap,(1 DUS ISI 24 PCS) MIE SEDAAP BAKED GORENG / SOTO,0,65500,0,107
Mie Sedaap,Grosir Mie Sedaap 1 Dus (Isi 40 pcs) - Mix Varian Rasa Terlengkap,0,140400,0,561
Mie Sedaap,Sedaap Mie Instan Bakso Spesial Bag 77 gr Carton (40 pcs),0,120900,0,358
Mie Sedaap,SEDAAP Mie Instan Cup Ayam Nampool 75gr x 10,0,50900,0,556
Mie Sedaap,Sedaap Mie Instan Rasa Soto 5x75 Gram,0,21900,0,6000
Mie Sedaap,Mie Sedaap Baked Goreng (1 dus isi 24 pcs),0,35000,0,2
Mie Sedaap,Sedaap Mie Instan Soto Banded 5 x 75 gr,0,17100,0,242
Mie Sedaap,Sedaap Mie Instan Ayam Spesial 69 gr x40,0,120900,0,3000
Mie Sedaap,Mie Sedaap Cup All Varian Rasa,0,7250,0,10
Mie Sedaap,Sedaap Mie Instan Goreng & Kuah,0,4000,0,499
Mie Sedaap,MIE SEDAAP ALL VARIAN 90 GR,0,3999,0,384
Mie Sedaap,MIE SEDAP GORENG SEDAP KUAH ALL VARIANT 1 DUS BISA CAMPUR (40PCS) / SEDAP GORENG / SEDAP KOREAN CHEESE / SEDAP SOTO / SEDAP KARE / SEDAP LAKSA / SEDAP KOREAN SPICY / MIE SEDAAP,0,137500,0,1000
Mie Sedaap,"Sedaap Mie Instan Goreng 90gr [Karton], mie sedaap 1 kardus",0,137900,0,2
Mie Sedaap,Mie Sedaap Mie Instan Goreng 5 x 75 gr,0,19600,0,2
Mie Sedaap,Sedaap Mie Instan Kari Ayam Bag 72 gr Carton (40 pcs),0,129600,0,54
Mie Sedaap,SEDAAP MIE KUAH RASA SOTO ISI 5 BUNGKUS X75 GR,0,12790,0,991
Mie Sedaap,Mie Sedaap Goreng/Kuah PROMO Lebih Hemat,0,19300,0,83
Mie Sedaap,Mie Sedaap Kuah & Goreng Semua Rasa Kenyal,0,3620,0,1000
Mie Sedaap,Mie sedaap instan mi goreng 1 dus isi 12 cup @81g,0,77000,0,3
Mie Sedaap,Mie Sedaap Goreng Mi Goreng Instant Isi 5 Pcs x 90gr Paket 4 Pack,0,80000,0,1000
Mie Sedaap,[1 Dus] Mie Sedaap Cup Kuah 77g Kenyal Praktis,0,56900,0,893
Mie Sedaap,Mie Sedaap Goreng Instan 91gr 1 Pack Isi 5 Pcs Rasa Gurih,0,18599,0,28
Mie Sedaap,Mie Sedaap All varian 1 dus Bisa Mix / Campur 40 Pcs,0,140000,0,218
Mie Sedaap,Mie Sedaap Isi 5 Pcs Goreng Soto,0,19400,0,617
Mie Sedaap,Mie Sedaap Korean Cheese Buldak 86g Rasa Enak,0,3900,0,1000
Mie Sedaap,1 dus mie sedaap 75g x 40 bungkus,0,137000,0,598
Mie Sedaap,[Mie] Sedaap Mie SELECTION All Varian | Aneka Pilihan Rasa,0,3875,0,16
Mie Sedaap,Sedaap Mie Instan Cup Kari Mercon 79 gr x 5 pcs,0,26300,0,98
Mie Sedaap,MIE SEDAAP KUAH ALL VARIAN 1 DUS (40PCS),0,140630,0,87
Mie Sedaap,Mie Sedaap Kari Ayam 1 Dus Isi 40 Bungkus,0,142000,0,91
Mie Sedaap,mie sedaap ayam spesial 1 dus isi 40 pcs,0,114500,0,1000
Mie Sedaap,Mie Sedaap Kuah Rasa Soto 75 gr dan Rasa Ayam Bawang ( 1 Dus Isi 40 Pcs ),0,142900,0,0
Mie Sedaap,1 DUS 1 KARTON Mie Sedap Tasty MIE SEDAAP TASTY ISI 12 PCS 129 GRAM - PYRAM,0,81250,0,1000
Mie Sedaap,Sedaap Mie instan soto 5 x 75 g,0,19300,0,3
Mie Sedaap,Sedaap Mie Instan Kari Ayam(5Pcs) 72gr 1Dus isi 40pcs/Kardus GROSIR & ECER,0,16050,0,0
Mie Sedaap,"Mie Instan Sedaap Soto dan Goreng 5 x 75 gr - Kenyal, Gurih, Praktis",0,17000,0,25
Mie Sedaap,Paket 6 Pcs Mie Sedaap Cup Goreng 85 Gr All Varian,0,36000,0,553
Mie Sedaap,Sedaap Mie Instan Goreng Bag 90 gr Box isi 40,0,150000,0,4
Mie Sedaap,"Mie Sedaap Baked mi instan tanpa di goreng 87g / 76g, rasa mi goreng / soto",0,4000,0,6
Mie Sedaap,Mie Sedaap Soto Isi 40 Pcs Mie Instan Kuah Karton,0,133000,0,3
Mie Sedaap,1 Dus Mie Sedaap Isi 5,0,100100,0,72
Mie Sedaap,Mie Sedaap Cup Instant Rasa Ayam Jerit 1 KARTON ISI 12,0,70500,0,4
Mie Sedaap,SEDAAP MIE RASA SOTO 75GR,0,3000,0,30
Mie Sedaap,Mie Sedaap Goreng 1 dus,0,148000,0,266
Mie Sedaap,Mie Sedaap Goreng Mie Instan 90 gram [ 1 Dus Isi 40 Pcs ],0,141000,0,11
Mie Sedaap,Mie Sedaap All Variant Rasa Pilihan Goreng Kuah,0,3999,0,312
Mie Sedaap,Mie Sedaap All Varian Rasa Enak Murah,0,3600,0,9000
Mie Sedaap,SEDAAP MIE GORENG ISI 5 BUNGKUS X 90 GR,0,17110,0,2000
Mie Sedaap,Mie Sedaap Instan1 DUS [40pcs/dus] All Varian,0,130550,0,494
Mie Sedaap,Mie Sedaap Instan Rasa Aneka Pedas Spesial,0,3200,0,2000
Mie Sedaap,Sedap mie paket Begadang 10pc/nikmat dan gurih,0,40000,0,18
Mie Sedaap,Tropical Minyak Goreng Botol 1 Liter,0,32500,0,3
Mie Sedaap,Mie Sedap 1 DUS-40pcs-Murah nikmat+gurih,0,160000,0,211
Mie Sedaap,Sedaap Mie Instan Goreng 5x90g Kenyal Dan Bawang Goreng,0,20000,0,85
Mie Sedaap,MIE SEDAAP CUP ALL VARIANS,0,7500,0,31
Mie Sedaap,Sedaap Mie Instan Korean Spicy Chicken Bag 87 gr Carton (40 pcs),0,136100,0,5
Mie Sedaap,SEDAAP MIE KOREAN SPICY SOUP BAG 77GR,0,3000,0,19
Mie Sedaap,Mie Sedaap Mi Instant Kuah Rasa Ayam Bawang Per Pack Isi 5,0,32000,0,5
Mie Sedaap,SEDAAP MIE RASA AYAM SPC 69GR,0,2900,0,7
Mie Sedaap,SEDAAP Mie Instan Singapore Spicy Laksa Isi 5,0,21350,0,2
Mie Sedaap,Mie Sedaap Cup Selection Korean Spicy Chicken [85g/12cup],0,72000,0,0
Mie Sedaap,Mie Sedaap Rasa Soto 1 Dus 40pcs,0,128400,0,0
Mie Sedaap,Mie Sedap Mie Goreng 5 Pcs Isi 5 Bungkus,0,17000,0,35
Mie Sedaap,Mie SedAAP Mix / Campur 1 Dus Isi 40 Pcs,0,139000,0,136
Mie Sedaap,MIE SEDAAP AYAM BAWANG ISI 5 @71gram,0,18999,0,9
Mie Sedaap,SEDAAP Mie Instan Goreng & Kuah 1 karton isi 40 pcs - All Varian,131800,99,131701,500
Mie Sedaap,mie sedaap kuah all varian 1dus isi 40pcs,0,148000,0,3
Mie Sedaap,Mie Sedaap Goreng Kemasan Bundle Isi 5 x 8,0,199896,0,1
Mie Sedaap,Mie Sedaap Goreng Korean Spicy 87g,0,3900,0,2000
Mie Sedaap,Mie Sedaap Cup 1 Dus Isi 12 Varian Rasa,0,69859,0,758
Mie Sedaap,"Mie Sedaap Kuah Ayam Bawang, Bakso, Soto, sedap goreng, korean spicy, singapore spicy laksa Sedap 5pcs/Pack",0,21428,0,392
Mie Sedaap,SEDAAP MIE AYAM BAWANG ISI 5 71 GR,0,13290,0,7
Mie Sedaap,Sedap Mie Instant Goreng Kenyal Isi 5x90gr,0,25500,0,245
Mie Sedaap,Mie Sedap All Varian Rasa Isi 40 Pcs,0,152000,0,6
Mie Sedaap,Sedaap Mie Instan Goreng Bag x 5 Pcs,0,17500,0,65
Mie Sedaap,SEDAAP MIE KUAH RASA SOTO ISI 5 BUNGKUS X75 GR,0,12490,0,202
Mie Sedaap,Mie Sedaap Ayam Bawang Mie Instan 70 gram [ 1 Dus Isi 40 Pcs ],0,133000,0,8
Mie Sedaap,MIE SEDAAP CUP 3 RASA GORENG/ RAWIT BINGIT/ SPICY CHICKEN,0,9000,0,370
Mie Sedaap,Sedaap Mie Instant Goreng & Rebus 5 x 90 g m,0,23500,0,49
Mie Sedaap,Mie Sedaap Tasty KARTON - Netto 129 Gr X 12 Bks,0,78999,0,571
Mie Sedaap,Mie Sedaap Korean cheese Buldak,0,3700,0,30
Mie Sedaap,Mie Sedaap rasa Soto / ayam bawang mie instan kuah [1 dus isi 40 pc ],143499,1000,142499,2000
Mie Sedaap,Mie Sedaap Mie Instan Mi Goreng 90g ( 1 dus isi 40 bungkus ),0,147500,0,412
Mie Sedaap,SEDAAP MIE MIE INSTANT SOTO 76g,0,3100,0,4
Mie Sedaap,Mie Instan Sedaap Goreng Karton Praktis Higienis,0,130000,0,3000
Mie Sedaap,SEDAAP MIE AYAM SPESIAL 69 GR,0,3080,0,265
Mie Sedaap,Mie Sedaap Rasa Soto 76Gr Original Kuah Lezat Koya Gurih,0,7701,0,6
Mie Sedaap,Sedaap Mie Instan Goreng Bag 90 gr Box isi 40,0,149000,0,0
Mie Sedaap,10 Bungkus Mie Sedaap Goreng 90 gram - Paket Hemat ED Panjang,39350,200,39150,13
Mie Sedaap,Mie Sedaap Mi Instant Rasa Mi Goreng Per Pack Isi 5,0,32000,0,1
Mie Sedaap,Sedaap Mie Cup Singapore Spicy Laksa 12 Pcs x 86 gr,0,67800,0,10
Mie Sedaap,Mie sedaap Kuah isi 40pcs 1dus,0,125000,0,1000
Mie Sedaap,[Mie] Sedaap Mie All Varian | Aneka Pilihan Rasa,0,3950,0,17
Mie Sedaap,Mie Instan Sedaap Goreng 1Dus isi 40pcs,0,129500,0,2
Mie Sedaap,SEDAAP MIE INSTAN GORENG 90 GR,0,4620,0,2000
Mie Sedaap,Mie Sedaap Goreng 40pcs per Karton expayet bulan 12 2026,0,137850,0,2000
Mie Sedaap,Sedaap Mie Korean Spicy Soup Bag 77gr Kenyal Pedas,0,4247,0,125
Mie Sedaap,MIE SEDAAP KUAH ALL VARIAN 1 DUS (40PCS),0,140900,0,42
Mie Sedaap,Mie Sedaap Soto Mie Instan 75 gram [ 1 Dus Isi 40 Pcs ],0,133000,0,4
Mie Sedaap,(Isi 40 Pcs) Mie Sedaap Rasa Soto Mie Instan 75gr 1 Dus,0,142700,0,2
Mie Sedaap,"MIE SEDAAP Cup - Korean Spicy, Soto, Kari, Ayam Nampol, Goreng",0,5700,0,99
Mie Sedaap,Mie Instan Sedaap Kuah & Goreng Ecer,0,3850,0,578
Mie Sedaap,Mie Sedaap Rasa Soto ( 1 Dus Isi 40 Bungkus ),0,140000,0,1
Mie Sedaap,[PAKET 10 PCS] Mie Sedaap Kuah All Varian - Pilih Rasa Favoritmu!,0,36999,0,692
Mie Sedaap,Sedaap Mie Instan Goreng 1 Dus 90 Gr X 40 Bks Produk Original ED Panjang,0,140299,0,57
Mie Sedaap,MIE SEDAAP GORENG INSTAN 91gr KARTON,0,135000,0,6000
Mie Sedaap,"Sedaap Mie Instan Goreng 90 gr x 40 - Bawang Goreng Asli, Tekstur Kenyal, Rasa Komplit",0,125000,0,1
Mie Sedaap,Mie Sedap 1 Dus Isi 40 Mix Murah Grosir,0,149999,0,78
Mie Sedaap,Mie Sedaap Goreng ( 1 Dus Isi 40 Bungkus ),0,140500,0,0
Mie Sedaap,1 Dus Mie Sedaap Cup Goreng - Korean Spicy Chicken Isi 12 Cup,0,68000,0,616
Mie Sedaap,[GROSIR] Mie Sedaap Goreng 1 Dus Isi 40 pcs Mie Instan Harga Murah & Original,0,141000,0,597
Mie Sedaap,SEDAAP MIE MIE INSTANT SOTO 5x76g,0,14900,0,169
Mie Sedaap,I'M Soul Mie Sedaap Kari Spesial (1 dus 40 pcs),0,140000,0,9
Mie Sedaap,Mie sedaap korean spicy chicken,0,5500,0,23
Mie Sedaap,SEDAAP MIE GORENG 90 GR KARTON,0,106990,0,11
Mie Sedaap,5 Pcs Mie Sedaap Goreng 91gr Rasa Gurih,0,23000,0,125
Mie Sedaap,Mie Sedaap Instan perDUS isi 40pcs,0,142000,0,3
Mie Sedaap,Mie Sedaap Selection Korean Spicy Chicken 87g Pedas Gilaaa,0,5000,0,170
Mie Sedaap,Sedaap Mie Instan Mi Goreng,0,4010,0,9
Mie Sedaap,Mie Sedaap Soto 1 Dus 40pc (5pcx8pack),0,129900,0,15
Mie Sedaap,Sedaap Mie Goreng 90 Gr,0,3200,0,2000
Mie Sedaap,SEDAAP MI GORENG ISI 5BKS @ 90G,0,16680,0,1000
Mie Sedaap,Sedaap Mie Instant,0,3300,0,348
Mie Sedaap,SEDAAP MIE KUAH RASA SOTO ISI 5 BUNGKUS X75 GR,0,13690,0,456
Mie Sedaap,SEDAAP MIE GORENG ISI 5 BUNGKUS X 90 GR,0,16680,0,1000
Mie Sedaap,MAKANAN MI INSTAN MIE SEDAAP SEDAP RAWIT BINGIT RASA AYAM JERIT PACK 5'S X 77GR,0,24250,0,2
Mie Sedaap,SEDAAP MIE GORENG SALERO PADANG 86 GR,0,4376,0,157
Mie Sedaap,Mie Sedaap All Varian isi 40 Pcs / Dus,0,136700,0,153
Mie Sedaap,Makanan Mi Instan Mie SedAAP Sedap Rawit Bingit Rasa Ayam Jerit Per Karton Isi 40's X 77gr,0,152000,0,5
Mie Sedaap,Mie Sedaap Cup Mie Instan dalam kemasan Cup / Mie Sedap rasa soto / bakso / ayam / kari / laksa,0,6500,0,95
Mie Sedaap,1 dus (40 bungkus) mie sedaap kuah rasa rawit bingit,0,125500,0,3
Mie Sedaap,SEDAP GORENG 1 dus [KARTON] Mie Goreng Sedaap 90 gram,0,148500,0,946
Mie Sedaap,Mie Sedaap Instant Rasa Soto (1 Dus/40 Pcs),0,139000,0,7
Mie Sedaap,MAKANAN MI INSTAN MIE SEDAAP SEDAP GORENG PACK 5'S X 90GR,0,24250,0,13
Mie Sedaap,sedap mi goreng 90 gr,0,3800,0,30
Mie Sedaap,Sedaap Mie Instan Goreng 90gr Isi 40 1 karton,0,148900,0,2
Mie Sedaap,( Termurah ) Mie Sedaap Cup,0,7000,0,11
Mie Sedaap,SEDAAP MIE MIE INSTANT GORENG BAKED 87g,0,2800,0,39
Mie Sedaap,Mie Sedaap Mie Instan / Mie Sedap goreng / soto / korean / kari / laksa / ayam bawang,0,4400,0,181
Mie Sedaap,Sedaap Mie Cup Rasa Baso Bleduk,0,6690,0,14
Mie Sedaap,(FANIA GROSIR) [1 DOS] Mie Sedaap Goreng All Variant (1dus Isi 40pcs) | Mie Instant |,0,143000,0,10
Mie Sedaap,SEDAAP MIE KUAH RASA SOTO ISI 5 BUNGKUS X75 GR,0,13290,0,356
Mie Sedaap,Mie Sedaap Dus Isi 40 Bungkus All Varian,0,151550,0,32
Mie Sedaap,Mie Sedaap Cup Goreng ( 1 Kardus isi 12pc),0,66000,0,0
Mie Sedaap,Mie Sedaap Soto Instan 75gr 1 Pack Isi 5 Pcs,0,17800,0,2
Mie Sedaap,Mie Sedaap Goreng 1 Dus @40pcs,0,149999,0,0
Mie Sedaap,Mie Sedaap Singapore Spicy Laksa,0,4010,0,62
Mie Sedaap,MIE SEDAAP CUP 77 GR ALL VARIAN ( 1 DUS ),0,70000,0,10
Mie Sedaap,Makanan Mi Instan Mie SedAAP Sedap Cup Baso SpESial Per Karton Isi 12's X 77gr,0,76500,0,1
Mie Sedaap,MAKANAN MI INSTAN MIE SEDAAP SEDAP RAWIT BINGIT BASO BLEDUK CUP PACK 6'S X 77GR,0,40500,0,0
Mie Sedaap,Sedaap Mie Instan Soto Isi 5 Bag 75 gr,0,20000,0,2
Mie Sedaap,Sedap Mie Instant Soto Kenyal 5x75gr,0,24990,0,141
Mie Sedaap,SedAAP MIE Ayam Bawang 70 GR,0,4384,0,433
Mie Sedaap,Mie Sedaap Soto 1 Karton Isi 40pcs Khas Soto,0,126850,0,100
Mie Sedaap,mie sedaap 1 dus ( bisa mix ),0,159000,0,136
Mie Sedaap,MIE SEDAP GORENG 90 GR / 1 DUS ISI 40,0,148372,0,61
Mie Sedaap,mie sedaap goreng 1 dus,0,125840,0,1
Mie Sedaap,Mie Sedaap Instant Singapore Spicy Laksa (1 Dus/40 Pcs),0,139000,0,27
Mie Sedaap,Paramart - Mie Sedaap Goreng 1 Dus Karton [Isi 40pcs] Mie Instan,0,143199,0,108
Mie Sedaap,Mie Sedaap Instant Goreng (1 Dus/40 Pcs),0,147000,0,9
Mie Sedaap,Mie Sedaap Mie Instan / Mie Sedap 1 dus goreng / soto / laksa / chef Devina / korean / Mix rasa,0,138000,0,12
Mie Sedaap,Sedaap Mie Instan Rasa Soto Isi 5 Pck,0,14900,0,383
Mie Sedaap,Mie Sedaap Goreng 1 dus | Promo,0,120000,0,1
Mie Sedaap,Mie Sedaap Goreng Bundling Isi 5 1 Dus,0,138000,0,42
Mie Sedaap,Sedaap Mie Instan 1 Dus isi 40 pcs - Goreng & Kuah Semua Varian,0,147000,0,53
Mie Sedaap,Mie Sedaap Rasa Soto 1 Dus 40 Pcs 75gr,0,125000,0,3
Mie Sedaap,Mie Mi Goreng Soto Ayam Bawang Sedaap Sedap Bag isi 5 bungkus,0,19800,0,651
Mie Sedaap,Mie Sedap Goreng 90 Gram 1Ds isi 40 Pcs Harga Per Dus Lebih Murah,0,143200,0,853
Mie Sedaap,MAKANAN MIE INSTAN MI SEDAAP SEDAP RASA SOTO CUP PACK 6'S X 77GR,0,40500,0,0
Mie Sedaap,Mie Instan Sedaap Kuah Soto 1Pack Isi 5 Bungkus X 8Pack ( SATU DOS),0,165000,0,33
Mie Sedaap,Mie Sedaap Semua Varian 1 Dus Bisa Di Campur isi 40Pcs Free Box dan Bubble Warp,0,128500,0,123
Mie Sedaap,SEDAAP MIE KUAH AYAM BAWANG 70g ISI 5,0,19300,0,28
Mie Sedaap,SEDAAP MIE GORENG 1kardus/Mie SEDAAP GORENG/Mie instan SEDAAP GORENG,0,146800,0,15
Mie Sedaap,Mie Sedaap Goreng Isi 5 Bungkus / Mie Instan Goreng,0,19000,0,55
Mie Sedaap,1 dus (40 bungkus) Mie sedaap goreng,0,130000,0,0
Mie Sedaap,Makanan Mi Instan Mie SedAAP Sedap Cup Soto Per Karton Isi 12's X 77gr,0,74750,0,2
Mie Sedaap,SEDAAP MI GORENG ISI 5BKS @ 90 GR KARTON,0,131920,0,2
Mie Sedaap,Mie Sedap Goreng 1 Kardus (Isi 40 Pcs) – Mie Instan Goreng Sedaap,0,161513,0,25
Mie Sedaap,Mie Sedaap goreng harga per karton isi 40,0,140000,0,4
Mie Sedaap,"Mie Instan Sedaap Goreng 90g - Rasa Gurih, Praktis, dan Higienis",0,132999,0,5
Mie Sedaap,SATU DUS ATAU 1 KARTON MIE SEDAAP MIX RANDOM DAN REQUEST 40 PCS,0,171500,0,146
Mie Sedaap,MIE SEDAAP GORENG 1karton isi 40 pcs,0,125500,0,3
Mie Sedaap,POP MIE INSTANT CUP / MIE SEDAAP CUP,0,6900,0,33
Mie Sedaap,(DUS) CUP MIE SEDAAP ISI 12 N1858,0,75624,0,2
Mie Sedaap,[1 Dus] Sedaap Mie Instan Goreng Isi 5 x8 Pack - Rumeva Store,0,164999,0,3
Mie Sedaap,40 Pcs Mie Sedaap goreng Instan Karton (sekardus),0,130000,0,0
Mie Sedaap,SEDAAP MIE KOREAN CHEESE BULDAK 86GR,0,3200,0,28
Mie Sedaap,Sedaap Mie Instant Rasa Soto 5x76g,0,14900,0,268
Mie Sedaap,SEDAAP MIE BASO SPECIAL 77 GR,0,4231,0,373
Mie Sedaap,Mie sedap goreng,0,21800,0,19
Mie Sedaap,Mie sedaap goreng,0,4500,0,843
Mie Sedaap,Mie Sedaap Goreng 1 Dus (Isi 40 Pcs),0,133000,0,32
Mie Sedaap,MIE SEDAAP GORENG,0,3800,0,47
Mie Sedaap,Mie Sedap Goreng 1 Karton Termurah,0,140000,0,34
Mie Sedaap,Mie Sedaap Goreng Original - 1 Dus/ 40 Pcs,0,150000,0,28
Mie Sedaap,"Mie Sedaap cup rasa soto karton isi 12 cups, mie instant",0,65000,0,7
Mie Sedaap,Sedaap Mie Instan Soto Bag 75 gr isi 40 (Kardus) mie rasa soto mie kuah,0,139900,0,13
Mie Sedaap,Mie Sedaap Instant Rasa Soto,0,127999,0,107
Mie Sedaap,mie sedaap,0,5490,0,85
Mie Sedaap,SEDAAP MI GORENG ISI 5BKS @ 90G,0,17110,0,466
Mie Sedaap,UKURAN KHUSUS | MIE SEDAAP | 1 DUS | ISI 40 PCS | BISA MIX | ALL VARIAN,0,77000,0,3
Mie Sedaap,Sedaap Mie Instant Singapore Spicy Laksa 83 Gram,0,5000,0,18
Mie Sedaap,Mie Sedaap Goreng Ayam Krispi,0,4130,0,19
Mie Sedaap,Sedaap Mie Soto Madura 82g Otentik Nikmat,5500,1000,4500,8
Mie Sedaap,Mie Sedaap Korean Spicy Chicken,0,4130,0,23
Mie Sedaap,Mie Sedaap Goreng 85 gram,0,4500,0,172
Mie Sedaap,SEDAAP MIE GORENG ISI 5 450g,0,20182,0,24
Mie Sedaap,Sedaap Mie Instan Goreng Isi 5 Bag 90 Gr,0,15400,0,10000
Mie Sedaap,SEDAAP MIE GORENG 90G 1 DUS,0,140000,0,9
Mie Sedaap,SEDAAP MIE INSTAN GORENG ORIGINAL 91g ISI 5,0,20500,0,44
Mie Sedaap,Mie Sedaap Goreng 1 Dus- Mie Goreng Praktis dengan Rasa Nusantara,0,128000,0,11
Mie Sedaap,Mie Sedaap Instant Rasa Soto dan Mie Sedaap Mi Goreng (1dus isi 40pcs),0,139499,0,13
Mie Sedaap,Aneka Mie SedAAP isi 40 pcs Dus,0,140000,0,33
Mie Sedaap,Sedaap Mie Soto 75gr Rasa Segar Stock Terbatas,0,4521,0,1000
Mie Sedaap,Sedaap Mie Instan Goreng 5 in 1 Bag 5 x 90 gr,0,17700,0,208
Mie Sedaap,SEDAAP ~ MIE INSTAN GORENG/SOTO/RAWIT 1 KARTON (40BKS lebih banyaaak),0,135000,0,14
Mie Sedaap,SEDAAP MIE MIE INSTANT GORENG 5x91g,0,15500,0,187
Mie Sedaap,Mie sedaap 1 karton isi 40 pcs enak dan lezat,128655,15000,113655,1
Mie Sedaap,SEDAAP MIE GORENG SELECTION KOREAN SPICY CHICKEN 87g ISI 5,0,20650,0,21
Mie Sedaap,"Mie Sedaap Instant Goreng All Varian 90gr - Gurih, Kenyal, Diperkaya Vitamin",0,4000,0,336
Mie Sedaap,SEDAAP MI GORENG ISI 5BKS @ 90 GR KARTON,0,131380,0,79
Mie Sedaap,SEDAAP MIE GORENG 5'S KARTON - 1 Dus isi 8 Pack,0,147000,0,59
Mie Sedaap,mie sedap spicy laksa singapore 1 dus isi 40 bungkus mie sedaap laksa,0,133400,0,7
Mie Sedaap,SEDAAP MIE MIE INSTANT AYAM BAWANG 5x71g,0,14900,0,47
Mie Sedaap,SEDAAP MIE KARI KENTAL SPESIAL 75 GR,0,3200,0,1000
Mie Sedaap,Mie Sedaap Sedap Goreng 1 DUS (GRATIS ONGKIR INSTANT),0,148062,0,7
Mie Sedaap,SEDAAP MIE SINGAPORE SPICY LAKSA 83 GR,0,3200,0,1000
Mie Sedaap,Mie Sedaap Goreng karton isi 40pcs,0,134850,0,52
Mie Sedaap,SEDAAP MIE KARI KENTAL SPESIAL 75 GR,0,3410,0,89
Mie Sedaap,SEDAAP MIE MIE INSTANT SG SPICY LAKSA 83g,0,3100,0,228
Mie Sedaap,Mi Goreng Sedaap 1 dus isi 40 Bks mi sedap,0,169785,0,17
Mie Sedaap,SEDAAP MI KUAH RASA SOTO ISI 5BKS @75 GR KARTON,0,101990,0,112
Mie Sedaap,[1 Dus] Sedaap Mie Instan Goreng Isi 5 x8 Pack,0,163499,0,1
Mie Sedaap,SEDAAP MIE KOREAN SPICY CHICKEN 87 GR,0,3500,0,138
Mie Sedaap,Mie Sedaap Rasa Soto,0,4000,0,57
Mie Sedaap,Mie Sedaap Cup All Variant,0,7000,0,13
Mie Sedaap,Sedaap Mie Ayam Bawang 70 Gr,0,3410,0,194
Mie Sedaap,Sedaap Mie Instan Soto Banded 5 x 75 Gr,0,17100,0,298
Mie Sedaap,Sedaap Mie Instan Goreng Sedaap 90 gr,0,3800,0,90
Mie Sedaap,MIE SEDAAP INSTANT PCS (BUNGKUS),0,4375,0,173
Mie Sedaap,SEDAAP MIE KARI AYAM 72 GR,0,3410,0,139
Mie Sedaap,SEDAAP MI KUAH RASA SOTO ISI 5BKS @75 GR KARTON,0,124110,0,16
Mie Sedaap,SEDAAP MI GORENG ISI 5BKS @ 90 GR KARTON,0,134380,0,16
Mie Sedaap,Mie Sedaap Instant Jelas Terasa Sedapnya Sedap,0,4060,0,69
Mie Sedaap,SEDAAP MIE GORENG 90 GR KARTON,0,136590,0,2
Mie Sedaap,SEDAAP MIE KOREAN SPICY CHICKEN 87 GR,0,3200,0,1000
Mie Sedaap,Mie Sedaap Goreng Instant 1 Dos,0,156000,0,1
Mie Sedaap,Mie Sedap - All Variant / Satusama,0,3486,0,10000
Mie Sedaap,Mie Sedaap Instant Rasa Soto/Mie Sedaap Instant Mi Goreng (1 Dus isi 40 Pcs),0,136000,0,11
Mie Sedaap,Sedaap Mie Instan Baked Goreng 87 gram,0,3400,0,6
Mie Sedaap,Mie Sedaap Goreng / Mi Sedap Soto / selection Singapore Laksa / Korean spicy chicken,0,36600,0,410
Mie Sedaap,SEDAAP MIE GORENG 90 GR KARTON,0,145360,0,1
Mie Sedaap,SEDAAP MIE GORENG AYAM BAKAR LIMAU 89G,0,3200,0,449
Mie Sedaap,Sedaap Mie Instan Bakmi Ayam Tasty 129 gr,0,7000,0,70
Mie Sedaap,Sedaap Mie Instan Singapore Spicy Laksa 82 gr,0,3800,0,420
Mie Sedaap,SEDAAP MI GORENG ISI 5BKS @ 90 GR KARTON,0,135340,0,5
Mie Sedaap,Sedaap Mie Instan Mi Goreng Cup 85 gr,0,6200,0,57
Mie Sedaap,Mie Sedaap Goreng 90gr + Kriuk Bawang Goreng Asli,0,4995,0,24
Mie Sedaap,SEDAAP MIE AYAM SPECIAL 66 GR,0,3840,0,33
Mie Sedaap,SEDAAP MIE GORENG CUP 85 GR,0,5340,0,69
Indomie,INDOMIE MIE GORENG (NEW) SPECIAL 5x80g,0,15800,0,24
Indomie,INDOMIE MIE INSTANT HYPE NYEMEK JOGJA RENDANG 84g,0,3200,0,8
Indomie,Indomie All Variant Paket 3 - 10 Pcs Lebih Hemat,0,12548,0,10000
Indomie,indomie aneka rasa kuah dan goreng,0,3300,0,96
Indomie,Indomie All Varian Paketan 3 - 10 Pcs,0,12804,0,10000
Indomie,INDOMIE MIE GORENG PLUS SPECIAL 80g,0,3200,0,161
Indomie,Indomie All Variant Original Mie Instan Enak Murah,0,3333,0,43
Indomie,Indomie Goreng dan Kuah All Varian,0,4655,0,10000
Indomie,indomie goreng / kuah all varian 1 kardus isi 40 bks,0,114000,0,6
Indomie,Indomie Mix 4 Rasa 1 Dus Isi 40 Pcs - Paket Campur Goreng Soto Kari Ayam Bawang - Harga Grosir,0,147200,0,235
Indomie,INDOMIE KUAH SOTO MI 5 IN 1 - 80gr,0,20080,0,347
Indomie,Indomie Mie Instan Kari Ayam 72 gr Carton,0,140200,0,20
Indomie,INDOMIE GORENG CABE IJO,0,3700,0,2000
Indomie,Kw1store - INDOMIE 1 dus isi 40 mie instant varian/mix exp bulan 12 2026,0,152999,0,700
Indomie,INDOMIE GORENG DAN KUAH MIX / CAMPUR 1 DUS ISI 40 PCS,0,143500,0,19
Indomie,Indomie Kari Ayam 72 gr /5pcs,0,19500,0,33
Indomie,ELLULA Shop - INDOMIE 1 DUS ISI 40 BISA CAMPUR,0,129400,0,3000
Indomie,kw1store - Indomie Goreng dan Kuah 1dus isi 40bks. Jumbo isi 24bks Dijamin Exp. lama dan terbaru,0,125000,0,532
Indomie,indomie kaldu udang,0,3139,0,10000
Indomie,INDOMIE MIE KUAH KARI AYAM 72 GR,0,3520,0,7000
Indomie,Indomie x 40 Pcs Per Karton/ Indomie JUMBO x 24 Pcs Per Karton,0,114600,0,1000
Indomie,"Mie Instan Indomie Goreng Rasa Aceh - Praktis, Tekstur Kenyal, Kaya Rasa",0,16415,0,1
Indomie,READY INDOMIE GORENG ISI 40 PCS,0,140000,0,12
Indomie,Indomie Mie Instan Goreng 5 Pcs ukuran 80 Gram - Rasa Goreng Spesial,0,21000,0,8
Indomie,INDOMIE Campur Rasa 1 Dus isi 40 – Indomie Mie Instan Aneka Rasa Mix All Variant,0,71000,0,528
Indomie,Toko Sembako ELLULA - INDOMIE 1 DUS ISI 40 BISA CAMPUR,0,120206,0,3000
Indomie,Indomie Grg Iga Penyet Rasa Enak Berkualitas,0,3800,0,630
Indomie,"Indomie Goreng Ayam Geprek Hype, Aceh, Mi Goreng 5PCS/PACK",0,21428,0,862
Indomie,INDOMIE Mie Instan Goreng / Kuah All Varian,0,3750,0,10000
Indomie,INDOMIE MIE GORENG SPECIAL 86 GR,0,3520,0,2000
Indomie,Indomie Banyak Rasa-Halal BPOM-Setengah Dus (20pcs),0,68950,0,406
Indomie,Indomie Kari Ayam 1 Pcs Rasa Kari Ayam,0,4577,0,636
Indomie,"Indomie Mie Instan Berbagai Varian Rasa Paket Hemat 5 Pcs - Ayam Bawang, Goreng Spesial, Limau Kuit, Soto Banjar",0,18550,0,47
Indomie,Indomie Goreng 5pcs,0,19500,0,2000
Indomie,"Mie Instan Indomie Kari 5 Pcs - Gurih, Mudah Dibuat, Tekstur Lembut",0,21000,0,2
Indomie,INDOMIE MIE INSTANT ALL VARIANT 1 DUS 40pcs,0,142600,0,166
Indomie,MIE INDOMIE - Harga 10pcs/bungkus Mie Indomie Cabe Ijo - Mie Instan,0,38950,0,3000
Indomie,"indomie kuah dan goreng BISA COD, bebas pilih rasa",0,3750,0,1000
Indomie,INDOMIE MIE JUMBO GORENG SPECIAL 126 GR,0,4480,0,4000
Indomie,INDOMIE KARI AYAM K 69 GR,0,3520,0,3000
Indomie,INDOMIE GORENG / REBUS ALL VARIAN - HARGA 1 DUS ISI 40 PCS,0,107000,0,586
Indomie,Indomie Goreng Instan 1 Karton,0,151750,0,49
Indomie,"Indomie Soto Mie 40 pcs (1 karton ) - Mie Instan Gurih, Praktis, dan Lezat",0,122000,0,2
Indomie,MIE INDOMIE - Harga 5 Pcs/bungkus Mie Indomie Cabe Ijo @85gr - Mie Instan,0,20990,0,10000
Indomie,INDOMIE CELOR PALEMBANG ISI 40 PCS 1 Kardus,0,81630,0,104
Indomie,"Indomie Kari Ayam 1 Dus Isi 40 Pcs - Mie Instan Rasa Kari Ayam, Praktis dan Lezat",0,143000,0,6
Indomie,[GROSIR] Mie Instan Indomie Goreng Rendang [91gr x 5 pcs],0,21500,0,5
Indomie,Deli Mart INDOMIE SOTO MEDAN /pcs by Deli Farm,0,5000,0,58
Indomie,Indomie rasa ayam bawang 10pcs,0,41900,0,3
Indomie,5 Bungkus Mie Instan Indomie Goreng Rendang 91gr,0,16750,0,1
Indomie,Indomie Indomi mie instant all varian 1 Dus Isi 40 Bisa Campur Rasa Beragam indomi promo,0,147800,0,3000
Indomie,INDOMIE MIE GORENG RASA AYAM GEPREK 85 GR,0,3730,0,704
Indomie,Indomie Mie Instan Goreng Rasa Ayam Geprek,0,4700,0,3000
Indomie,"Indomie Mie Instan Ayam Bawang 69g - Rasa Gurih, Higienis, Fortifikasi Vitamin",0,145000,0,5
Indomie,[New Arrival Day] 5 pcs - Indomie Goreng Spesial 80 Gr,0,21100,0,575
Indomie,INDOMIE MIE GORENG 80g ISI (10 PCS),0,19285,0,14
Indomie,INDOMIE GORENG RENDANG 91 GR,0,3730,0,1000
Indomie,MIE INSTAN INDOMIE GORENG 1 DUS ISI 40,0,148000,0,63
Indomie,Indomie goreng satu dus atau indomie goreng 20 soto medan dan variasi lainnya,0,70000,0,28
Indomie,INDOMIE MIE JUMBO GORENG AYAM PANGGANG 128 GR,0,4480,0,2000
Indomie,INDOMIE GORENG SPESIAL,0,4480,0,10000
Indomie,(DUS) Indomie Mie Instan Isi 40Bks N1768,0,151980,0,14
Indomie,Indomie Coto Makassar 40 Bungkus Rasa Sulawesi Selatan,0,149000,0,803
Indomie,"Indomie Mie Instan Goreng 1 Dus isi 40 Bungkus, Berbagai Varian Rasa",0,143000,0,20
Indomie,PAKET 5 BUNGKUS INDOMIE KUAH KARI AYAM 72 GRAM | MI INSTAN KARI AYAM,0,18500,0,594
Indomie,Indomie Mi Goreng Spesial [1 Dus / 40 Pcs] - Harga Grosir Termurah,0,158000,0,6
Indomie,Indomie Celor Khas Palembang (Isi 10 Bks),0,37350,0,712
Indomie,INDOMIE MIE KUAH AYAM BAWANG 69 GR,0,3410,0,3000
Indomie,"Indomie Mie Instan Goreng 1 Dus isi 40 Bungkus,",0,143000,0,12
Indomie,INDOMIE KRIUK (isi 10 bks),0,36700,0,343
Indomie,INDOMIE EMPAL GENTONG,0,3800,0,951
Indomie,Indomie mi goreng kriuuk pedas box 90g x 40,0,146000,0,18
Indomie,Indomie Hype Abis Mi Nyemek Ala Bangladesh Rasa Kari 80 g,0,4800,0,263
Indomie,Indomie Premium Collection Korean Ramyeon Series,0,8500,0,36
Indomie,5 PCS - Indomie Mi Keriting Goreng Spesial 90 Gr,0,25650,0,8000
Indomie,Indomie Mie Instan Kari Ayam 5 x 75 gr,0,18700,0,10000
Indomie,Indomie Goreng Kriuk 8x 90g Pedas,0,5500,0,159
Indomie,INDOMIE INSTAN SOTO LAMONGAN,0,4030,0,2000
Indomie,5 PCS - INDOMIE Mie Instan Goreng/ Kuah/ Kriuk/ Kari/ Soto Mi/ Medan/ Koya/ Kaldu Ayam/ Bawang/ Geprek/ Bangladesh/ Seblak/ Pop Spagheti,0,22500,0,74
Indomie,10 PCS - Indomie Hypeabis Mi Nyemek Jogja Rasa Rendang 84gr,0,33300,0,431
Indomie,INDOMIE MIE INSTAN GORENG ACEH 90GR,0,3400,0,4
Indomie,indomie coto makassar 75grm,0,4900,0,9
Indomie,(ISI 10pcs) INDOMIE GORENG / KUAH SEMUA RASA (BISA MIX VARIAN),0,37800,0,157
Indomie,Indomie Langka rasa Soto Medan 3 pcs,0,17500,0,20
Indomie,Indomie Mie Instan Kuah,0,4600,0,4000
Indomie,INDOMIE JUMBO SPECIAL INDOMIE RAMEN MI GORENG RENDANG INDOMIE RAMYEON KOREAN NOODLES,0,22870,0,146
Indomie,Indomie Seblak Hot Jeletot 75 g,0,5500,0,121
Indomie,Indomie Soto Medan 5 Pcs X 70gr Rasa Enak,0,22500,0,764
Indomie,Indomie Goreng Jumbo Rasa Ayam Panggang Isi 24Bungkus,0,110000,0,6
Indomie,Indomie Kari Ayam 5 PCS,0,19500,0,1000
Indomie,Indomie Mie Instant Rasa Lezat Dari Indonesia,0,3400,0,2000
Indomie,Indomie kuah 69-80gr,0,3500,0,369
Indomie,Indomie Kari Ayam Lengkap Dengan Bumbu Kari 72 g,0,5500,0,20
Indomie,Indomie Mix 20 Pcs Rasa Acak Isi 1 Dus,0,73000,0,1000
Indomie,INDOMIE 1 DUS ISI 40 BISA MIX RASA ED OKT - DES 26,0,78300,0,10000
Indomie,INDOMIE GORENG ACEH 5 PCS,0,17000,0,26
Indomie,INDOMIE ALL VARIANT TERLENGKAP BUNDLING ISI 20 PCS,0,74400,0,4000
Indomie,5 PCS - Indomie Goreng Ayam Panggang Jumbo 127 Gr,0,25400,0,8000
Indomie,INDOMIE INSTAN COTO MAKASSAR,0,4224,0,9000
Indomie,INDOMIE Kari Ayam 5 pcs x 72gr,0,23000,0,1000
Indomie,INDOMIE seleraku aneka rasa 80 gr,0,4500,0,664
Indomie,Paket Bundling Indomie Indofood Soto Mie Instans isi 10 pcs 70 gram,0,37128,0,1000
Indomie,Mix Random Indomie 6 Rasa Murah Harga Bersahabat,0,71000,0,7
Indomie,Indomie Goreng Iga Penyet 5 Pcs Rasa Enak,0,21500,0,349
Indomie,MTZ INDOFOOD INDOMIE INDOMI PER 1 DUS | MIE,0,73000,0,8000
Indomie,Indomie Kaldu Ayam Mie Instant Bundle 5 Pcs - ASIA BEST,0,17350,0,89
Indomie,INDOMIE MIX / CAMPUR 1 DUS ISI 40 PCS [ED SEPT 26- JAN 27],0,75000,0,10000
Indomie,5 PCS - Indomie Goreng Spesial Jumbo 129 Gr,0,25400,0,10000
Indomie,Indomie Mi goreng box 129g x 24,0,110000,0,10
Indomie,Indomie Goreng Isi 5 Pcs Rasa Lezat Murah,0,18990,0,732
Indomie,Indomie Kaldu Ayam 75g,0,3500,0,10000
Indomie,Indomie Goreng Isi 10 Bks Sembako Favorit,0,36700,0,139
Indomie,Indomie jumbo rasa ayam panggang 1 karton isi 24 bks@127g,0,120000,0,21
Indomie,INDOMIE CAMPUR 1 DUS ISI 40 PCS PILIH RASA,0,122000,0,41
Indomie,Indomie All Varian,0,4300,0,136
Indomie,Indomie pedas goreng 10 bungkus,0,39400,0,516
Indomie,Indomie CAMPUR MIX RASA 1 Dus isi 40,0,138990,0,8000
Indomie,INDOMIE MIE KERITING GORENG SPECIAL NEW 90 GR,0,5230,0,733
Indomie,Indomie 1 dus Campur 4 Rasa Isi 40pcs/ Indomie Mie Instant 4 Varian Rasa isi 40pcs,0,68000,0,7000
Indomie,Indomie Ayam Geprek 85 g,0,5500,0,102
Indomie,Indomie Soto Medan 70 g,0,4500,0,92
Indomie,Indomie Kaldu Ayam 5 Pcs X 75gr Rasa Enak,0,20500,0,336
Indomie,"INDOMIE Mie Instan All Varian Lengkap - Goreng Spesial, Rendang, Ayam Geprek, Soto Mie, Kari Ayam, Ayam Bawang - Mie Kuah & Goreng",0,3500,0,1000
Indomie,Indomie Mie Instan Goreng Jumbo,0,6700,0,2000
Indomie,Indomie Goreng Ciri Khas Palembang (Cabe Bubuk),0,145300,0,738
Indomie,NEW! Indomie Goreng Spesial 5 in 1 - 80 Gr,0,20170,0,4000
Indomie,5 PCS - Indomie Kuah Ayam Spesial 68 Gr,0,19450,0,10000
Indomie,INDOMIE NYEMEK BANGLAHDES'E KARI 80 GR,0,3520,0,184
Indomie,INDOMIE Goreng Rendang 5 pcs x 91gr,0,23000,0,196
Indomie,INDOMIE ~ RASA KALDU AYAM 1 KARTON (40bks),0,107500,0,437
Indomie,NEW! Indomie Kuah Soto Mie 5 IN 1 - 80gr,0,19190,0,2000
Indomie,INDOMIE MIE AYAM BAWANG KARTON,0,136530,0,18
Indomie,Indomie Kari Ayam Bawang Goreng Lebih Banyak 72 g,0,5500,0,24
Indomie,New Item INDOMIE SOTO MEDAN PERKARTON,0,162000,0,33
Indomie,Indomie Mie Instan Indomie Goreng 85g Kemasan 1 Dos Isi 40 Pcs,0,128841,0,1000
Indomie,INDOMIE MIE INSTANT AYAM BAWANG 69g,0,3100,0,28
Indomie,INDOMIE Goreng Khas Aceh 5 pcs x 90gr,0,23000,0,251
Indomie,KZ - indomie mi keriting rasa goreng special & ayam panggang 90g,0,5500,0,208
Indomie,10 PCS - Indomie Goreng Spesial 80 Gr,0,40800,0,10000
Indomie,1 Dus Indomie Goreng Cabe Bubuk Khas Sumatera,0,157000,0,1000
Indomie,Indomie Goreng Iga Penyet 10 Pcs Paket,0,38199,0,1000
Indomie,5 PCS - Mix Indomie Korean 85 Gr,0,35650,0,3000
Indomie,Indomie Keriting Goreng Special 90 Gr Mie Instant Bundle 5 Pcs,0,25350,0,60
Indomie,"Indomie Jumbo all variant rasa goreng, Ayam panggang dan rendang",0,6000,0,8
Indomie,Indomie Mix Campur Rasa 1 Dus isi 40 Pcs [Tulis di Note],0,147065,0,1000
Indomie,INDOMIE SOTO MIE 1 DUS ISI 40 PCS,0,130000,0,1000
Indomie,Indomie Goreng 1 Pcs Bumbu Gurih Lezat,0,4577,0,1000
Indomie,5 PCS - INDOMIE JUMBO Mie Instan,0,27500,0,21
Indomie,INDOMIE NYEMEK JOGJA RASA RENDANG 84 GR,0,3520,0,22
Indomie,10 PCS - Indomie Kuah Soto Mie 70 Gr,0,38900,0,9000
Indomie,INDOMIE Goreng Special Jumbo 3pcs x 129gr,0,17700,0,546
Indomie,Indomie Goreng Cabe Ijo 10 Pcs Exp 4 Bulan,0,38199,0,6000
Indomie,5 PCS - Indomie Tori Kara Ramen 89 Gr,0,35650,0,2000
Indomie,Indomie Goreng 1 Dus Isi 40 Pcs Rasa Enak,0,149900,0,144
Indomie,INDOMIE GORENG ACEH 90G / MIE GORENG RASA ACEH,0,4000,0,0
Indomie,INDOMIE GORENG 1 DUS ISI 40 PCS,0,139000,0,1000
Indomie,INDOMIE MIE KUAH INSTANT RASA SEBLAK HOT JELETOT 75 GR,0,3520,0,483
Indomie,1 dus indomie ramen japanese torikara - torimiso isi 20s,0,104900,0,1000
Indomie,Indomie Mie Goreng Instan All Varian Enak,0,3750,0,2000
Indomie,Indomie pedas goreng 5 bungkus,0,21800,0,287
Indomie,Indomie Goreng per karton 1dus (isi 40),0,139750,0,18
Indomie,5 PCS - Indomie Rasa Soto Koya Pedas Dower 76 Gr,0,19450,0,1000
Indomie,Indomie Tori Miso – 5 Bungkus | Japanese Ramen Kuah Miso Ayam Premium | Sembako Express,0,29600,0,361
Indomie,Indomie Semua Rasa Mi Instan Gurih Nikmat,0,4230,0,6000
Indomie,1 dus indomie ramen japanese tori miso - tori kara isi 20 pcs,0,104900,0,2000
Indomie,INDOMIE MIE INSTANT SOTO KOYA MI GORENG MI KUAH 5 PCS INDOMIE KARI AYAM KALDU AYAM,0,20230,0,342
Indomie,Indomie Mix Sakura 1 Dus Isi 40 Rasa Beragam,0,85725,0,904
Indomie,Indomie Goreng Spesial 85gr Stok Terbaru,0,150000,0,92
Indomie,Indomie Premium Collection Ramen Jepang Rasa Tori Kara Mecha Kara Ayam Pedas / Tori Miso 1 Dus isi 20 Pcs,0,98527,0,895
Indomie,Indomie Mie Instant Mi Goreng Pedas.,0,31999,0,0
Indomie,Indomie Semua Rasa Mi Instan Rasa Enak,0,3750,0,10000
Indomie,INDOMIE GORENG JUMBO RASA AYAM PANGGANG 5 PC,0,27900,0,75
Indomie,ANEKA MIE INSTANT INDOMIE 1 DOS ISI 40 BKS,0,140000,0,14
Indomie,Indomie mix Goreng/Soto/Ayam Bawang/Kari – 1 Dus Isi 40 Bungkus Campur 4 Rasa,0,153500,0,722
Indomie,Indomie Goreng Rendang 91g Mie Instan Jumbo,0,5500,0,115
Indomie,INDOMIE Ayam Bawang 5 pcs x 69gr,0,22000,0,362
Indomie,INDOMIE KARI AYAM K 69 GR,0,3410,0,796
Indomie,Indomie Kuah Kari Ayam 5 Pc,0,14896,0,20
Indomie,Indomie Goreng 80gr,0,3500,0,10
Indomie,5 Pcs Indomie Soto Medan 70gr Rasa Pas Dilidah,0,24000,0,641
Indomie,Indomie Goreng Jumbo 129 g,0,6500,0,35
Indomie,Indomie kuah kari ayam x 5 bungkus,0,23000,0,20
Indomie,Indomie Mie Goreng Rasa Cabe Ijo 5 Pcs,0,35000,0,263
Indomie,Indomie part (1),0,3499,0,181
Indomie,10 PCS - Indomie HypeAbis Rasa Seblak Hot Jeletot 75 Gr,0,38900,0,5000
Indomie,Indomie Ramen Kuah Tori Miso Rasa Gurih Enak,0,6885,0,1000
Indomie,INDOMIE AYAM SPECIAL 75 GR,0,3730,0,26
Indomie,Indomie Rasa Ayam Spesial 5 Pcs Bumbu Nikmat,0,16000,0,256
Indomie,Indomie 1 Karton Campur Rasa Praktis Ekonomis,0,40000,0,436
Indomie,5 PCS - Indomie Kuah Ayam Bawang 69 Gr,0,19450,0,10000
Indomie,5 PCS - Indomie Kuah Soto Mie 70 Gr,0,19450,0,10000
Indomie,Indomie Kari Ayam 5 Pcs Mie Instant Kuah - ASIA BEST,0,20850,0,1000
Indomie,Indomie Kaldu Ayam 1 Dus (40 Pcs) Untuk Rumah Tangga,0,146299,0,9
Indomie,10 PCS - Indomie Soto Banjar Limau Kuit 75 Gr,0,40800,0,1000
Indomie,INDOMIE ALL VARIAN,0,6000,0,605
Indomie,Mie Instant/ Mie Indomie Berbagai varian/ 1karton isi 40bks/ 1 karton boleh mix rasa,0,144000,0,307
Indomie,10 Pcs - Indomie Semua Rasa Varian Lengkap,0,41000,0,422
Indomie,INDOMIE GORENG PEDAS 97G MIE INSTAN,0,4480,0,2000
Indomie,JRstore - Indomie Mie Instan Rebus/Goreng per karton 1 Dus isi 40pcs,0,142150,0,5000
Indomie,Indomie Goreng Jumbo 129g,0,5000,0,6000
Indomie,INDOMIE MIE GORENG ACEH 90 GR,0,3520,0,205
Indomie,10 PCS - Indomie Hypeabis Mi Nyemek Banglahdes'e Rasa Kari 80gr,0,40800,0,1000
Indomie,Paket 3 Bungkus - Indomie Kari Ayam 72g - Mie Instan,0,5800,0,0
Indomie,5 PCS - Indomie Korean Spicy Ramyeon 83 Gr,0,37350,0,1000
Indomie,Indomie Goreng Kriuk Pedas 90g Rasa Enak,0,4000,0,2000
Indomie,Indomie Goreng,4778,1250,3528,4000
Indomie,Indomie Kuah & Goreng Semua Rasa Rasa Ekstrem,0,3852,0,1000
Indomie,Indomie Goreng 1 Karton Isi 40 Rasa Enak,0,144791,0,2000
Indomie,INDOMIE GORENG DAN KUAH 1 DUS DAN MIX / INDOMIE 1 DUS MIX 4 TERMURAH / INDOMIE 1 DUS MURAH PROMO!!!,0,136899,0,529
Indomie,Indomie Rasa Kari Ayam 75gr Rasa Enak Asli,0,4500,0,524
Indomie,(KHUSUS BATAM) INDOMIE KUAH DAN GORENG ALL VARIAN 1 DUS,0,152500,0,309
Indomie,INDOMIE GORENG JUMBO BUNGKUS BIRU AYAM PANGGANG MERAH ORIGINAL 127GRAM,0,5300,0,154
Indomie,5 PCS - Indomie Hypeabis Mi Nyemek Jogja Rasa Rendang 84gr,0,20400,0,730
Indomie,INDOMIE DUS CAMPUR / INDOMIE DUS MIX / INDOMIE GORENG DUS CAMPUR / INDOMIE KUAH DUS CAMPUR / INDOMIE GORENG MALANG MURAH / INDOMIE GORENG DAN KUAH CAMPUR 1 DUS ISI 40,0,139110,0,2000
Indomie,Indomie 1Dus Varian Rasa lengkap Isi 40Bks (Indomie Sumatra),0,148950,0,185
Indomie,"Indomie Satuan Mie Instan All Varian | NEW Rawon Pedas Mercon, Mie Nyemek Bangladesh",0,4050,0,6000
Indomie,INDOMIE MIE KERITING GORENG AYAM PANGGANG NEW 90 GR,0,5340,0,498
Indomie,Indomie Kaldu Ayam 1 dus,0,130000,0,1000
Indomie,INDOMIE KUAH RAWON PEDAS MERCON 75 GR,0,3520,0,51
Indomie,"Paket 3 Bungkus - Indomie Goreng Rasa Aceh - Praktis, Tekstur Kenyal, Kaya Rasa - Mie Instan",0,5800,0,0
Indomie,Indomie Semua Rasa Mi Instan Gurih Nikmat,0,4244,0,9000
Indomie,Indomie Mi Goreng Ayam Geprek 1 Dus Isi 40 Bks@85g,0,158000,0,2
Indomie,Indomie Mie Goreng Isi 5 (18) Rasa Gurih Lezat,0,20500,0,1000
Indomie,Indomie Mix Rasa 1 Dus Campur isi 40,0,142000,0,68
Indomie,Indomie Goreng Saos paket 10pcs,0,39040,0,1000
Indomie,1 dus Indomie goreng / indomie bawang / indomie soto,0,86500,0,10000
Indomie,Indomie Mix Goreng KuaH 1/2 Dus Isi 20 PcS,71345,150,71195,56
Indomie,"Paket 3 Bungkus - Indomie Rasa Rendang - 82 Gram, Praktis & Gurih - Mie Instan",0,5800,0,0
Indomie,INDOMIE SOTO MIE 1 DUS ISI 40 PCS,0,135000,0,1000
Indomie,Indomie Soto Mie 1 Dus isi 40 Pcs,0,130000,0,180
Indomie,10 PCS - Indomie Mi Goreng Aceh 90 Gr,0,40800,0,2000
Indomie,Indomie Goreng 5 Pcs Mie Instant - ASIA BEST,0,20350,0,1000
Indomie,Indomie Mie Instan All Varian Harga Murah,0,3600,0,4000
Indomie,Indomie Mie Instan [72 g/ 5pcs] ( Free Ongkir Free Kardus ),0,17100,0,2000
Indomie,Paket Hemat 1 Dus Indomie Mie Goreng Isi 40 Bks,0,145840,0,84
Indomie,Indomie Goreng Ayam Geprek 85gr 1 Pcs,0,4000,0,3000
Indomie,Indomie KUAH PAKET ISI 5 ALL VARIAN BERBAGAI RASA (18),0,19870,0,1000
Indomie,Indomie Semua Rasa All Varian,0,3800,0,2000
Indomie,Indomie Goreng Special Isi 40pcs (1 Karton),0,149745,0,71
Indomie,Indomie Mie Instan 1 pc All Varian Semua Rasa,0,3900,0,1000
Indomie,INDOMIE SOTO MIE 5 PCS,0,16500,0,451
Indomie,10 PCS - Indomie Kuah Kari Ayam 72 Gr,0,40800,0,7000
Indomie,Indomie Goreng Original Paket 8 Pcs Rasa Gurih Lezat,0,35041,0,375
Indomie,Indomie Goreng Isi 40 Pcs,0,147500,0,337
Indomie,Paket Bundling Indomie Kuah,0,75800,0,2000
Indomie,Mumtaazztore Indomie All Varian Mie Instan Kenyal,0,2400,0,10000
Indomie,Indomie Coto Makassar 10 Pc,0,60000,0,289
Indomie,Indomie Goreng Aceh 90g,0,4000,0,1000
Indomie,Indomie Mi Goreng Jumbo,0,4559,0,277
Indomie,INDOMIE GORENG 1 DUS,0,150000,0,28
Indomie,Indomie kari ayam 1 karton murah harga bersahabat atau Kari 20 goreng spesial 20 dan lainnya.,0,138000,0,18
Indomie,"[ 5 PCS ] Indomie Mie Goreng Instan - Praktis, Lezat, Cepat All Varian Rasa",0,21300,0,69
Indomie,Indomie Mi Instan Rasa Kaldu Ayam Per Dus,0,132900,0,30
Indomie,(C2) COMBO HEMAT 5bks INDOMIE GORENG & 5bks INDOMIE KARI AYAM,0,45000,0,94
Indomie,"Indomie 1 dus / perkarton isi 40 pc Semua Rasa, mi goreng / soto / kaldu / Mix Rasa, dll",0,132000,0,226
Indomie,Indomie goreng seleraku 40pcs,0,244000,0,486
Indomie,Indomie Kaldu Ayam Mie Instant Bundle 5 Pcs - ASIA BEST,0,18350,0,1000
Indomie,"SB Collection Indomie Goreng , Indomie Soto , Indomie Ayam Bawang, Kari 1 karton / 1 Dus isi 40 Pcs(indomie ) 24 pcs(sarimi isi 2) / Bisa Campur",0,85300,0,10000
Indomie,Indomie Kuah Rasa Kaldu Ayam Isi 5 Bungkus Lebih Hemat dan Praktis,0,18900,0,27
Indomie,"Indomie Goreng , Kuah , Kuliner KARTON - isi 40 bks",0,131500,0,926
Indomie,10pc Mie Indomie Soto Banjar enak dan mantap,0,36822,0,1000
Indomie,CTN - Indomie Goreng Spesial 80 Gr,0,163200,0,7000
Indomie,1 DUS INDOMIE CELOR KHAS PALEMBANG,0,155000,0,537
Indomie,Mi Instan Indomie Goreng 85 Gram - Hemat 10 Bungkus Original ED Panjang,0,39550,0,120
Indomie,Indomie rasa ayam bawang dus (40pcs),0,135750,0,10000
Indomie,Indomie Rasa Soto Mie Instant BPOM Halal Original,0,3970,0,142
Indomie,10 PCS - Indomie Goreng Spesial Jumbo 129 Gr,0,50800,0,5000
Indomie,5 PCS INDOMIE GORENG 80GR,0,24000,0,1000
Indomie,UKURAN KHUSUS INDOMIE 1 DUS MIE INSTAN (40 PCS) GORENG KUAH SOTO BANJAR LIMAU KUIT SOTO REQUEST,0,88500,0,38
Indomie,"NN store (40bks).INDOMIE instan, indomie 1 dus, indomie goreng ,soto, spesial, indomie mix",0,121999,0,1000
Indomie,INDOMIE Mie Instan Goreng Dan Kuah All varian,0,3999,0,3000
Indomie,10 PCS - Indomie Kuah Ayam Bawang 69 Gr,0,38900,0,9000
Indomie,Indomie All Varian 1 Dus isi 40 Pcs | Goreng | Rendang | Kriuk | Kari Ayam & Berbagai Rasa Lain,0,69000,0,994
Indomie,INDOMIE RENDANG 10PS,0,40000,0,230
Indomie,Indomie Mie Instan Goreng 1 Dus Isi 40 Pcs,0,134000,0,32
Indomie,Indomie Goreng 5 Bungkus,0,23999,0,274
Indomie,Indomie rasa goreng/ rasa kari ayam 1 dus (40 psc),0,160000,0,162
Indomie,INDOMIE SOTO MIE DUS ISI 40,0,130000,0,1000
Indomie,Indomie Ayam Bawang 69 g,0,5500,0,8
Indomie,10 PCS - Indomie Kuah Ayam Spesial 68 Gr,0,38900,0,5000
Indomie,Indomie Goreng Mie Instan 5 Pcs Bumbu Spesial,0,18000,0,559
Indomie,Indomie Mie Goreng Plus Special 80g Lezat Nikmat,0,3200,0,2000
Indomie,"Indomie Goreng, Soto, Ayam Bawang, Hype Abis, Kari Ayam BISA MIX 1 Dus Isi 40 pcs",0,145000,0,10000
Indomie,Mi Instan Indomie 11 Varian Rasa Camilan Favorit,0,4200,0,6000
Indomie,5 PCS - Indomie HypeAbis Ayam Geprek 85 Gr,0,20400,0,7000
Indomie,Indomie Ayam bawang,0,4577,0,220
Indomie,"Indomie Goreng Isi 5 bungkus - Mie Goreng praktis, Nikmat, dan Gurih, Cocok untuk Makan tengah malam",0,19990,0,30
Indomie,1 Dus Indomie Goreng Pedas Isi 40 Pcs,0,158000,0,352
Indomie,INDOMIE Kari Ayam Bawang 5 pcs x 69gr,0,23000,0,278
Indomie,Indomie Premium Collection Tori Miso 1 Dus (Isi 20 Bungkus) – Mi Instan Kuah Khas Jepang,0,111000,0,261
Indomie,LL - INDOMIE KALDU AYAM KARI AYAM SOTO MEDAN INDOMIE GORENG 5 PCS,0,28000,0,6
Indomie,Indomie Mie Instan Goreng 1 Dus isi 40 Bungkus,140800,200,140600,119
Indomie,5 PCS - Indomie Korean Fiery Chickin 94 Gr,0,37350,0,495
Indomie,Indomie Goreng Dan Kuah 1 Dus Isi 40,0,145000,0,92
Indomie,Indomie Mi Goreng Jumbo 127g,0,7000,0,40
Indomie,Indomie Goreng 1 Dus 40 pcs - Mie Instan Goreng Praktis dengan Bumbu Lezat,0,145000,0,14
Indomie,Indomie Goreng 80gr /5pcs,0,18500,0,88
Indomie,Indomie Goreng Special 80 Gram Mie Instant BPOM Halal Original,0,3970,0,118
Indomie,Indomie tori kara 89g satu karton dus,0,100000,0,583
Indomie,"mie instant indomie goreng 10 pcs , 4pcs",0,16500,0,30
Indomie,INDOMIE SOTO KOYA PEDAS DOWER 76 GR,0,3520,0,109
Indomie,Indomie per karton/dus (40 pcs),0,146500,0,1000
Indomie,Indomie Kuah Mie Instant Sup / Mie Goreng Indomie,0,4800,0,334
Indomie,Indomie goreng 1 karton,0,135000,0,23
Indomie,5 Pcs Indomie Kaldu Ayam 75gr Mie Lembut Kenyal,0,24000,0,419
Indomie,Indomie Mie Instan Rasa Soto Medan 63 Gr,0,3800,0,566
Indomie,Indomie Soto Banjar Limau Kuit 10 Bungkus Enak,0,38600,0,103
Indomie,Indomie 1 KARTON/DUS 40 pcs ( Free Ongkir ),0,135100,0,3000
Indomie,5 Pcs Indomie Goreng Aceh 90gr Rasa Pedas,0,24000,0,425
Indomie,Indomie Mie Instant Goreng Spesial 85 Gram [10 Pack],0,37999,0,111
Indomie,Indomie KALDU AYAM 1 Dus ISI 40 PCS,0,128000,0,152
Indomie,Indomie Tori Kara,0,6885,0,4000
Indomie,Indomie ayam bawang 10 bungkus,0,38400,0,120
Indomie,INDOMIE MIE KUAH SOTO SPECIAL 75 GR,0,3410,0,126
Indomie,INDOMIE GORENG PEDAS isi 20 pcs & 1CTN,0,98000,0,179
Indomie,Indomie Goreng Rasa 70gram Variasi Rasa,0,4200,0,7000
Indomie,"(40 Pcs) Indomie Rasa Mi Goreng, Kari Ayam, Kaldu Ayam, Soto Medan (Kartonan isi 40 pcs), Pembelian Bisa Mix Rasa",0,150485,0,310
Indomie,PAKET COMBO 10 BKS INDOMIE GORENG PRODUKSI PALEMBANG CABAI BUBUK 80gr,0,43300,0,6000
Indomie,5 PCS - Indomie Rasa Soto Koya Pedas Dower 76 Gr,0,20400,0,250
Indomie,Ecer 1 Pcs Indomie/Sarimi All Variasi Rasa Ok,0,4950,0,2000
Indomie,Indomie Kotak 1 Dus All Varian - Indomi Kari Ayam / Kaldu Ayam / Indomi Goreng / Indomie Kaldu Ayam #AJ,0,139360,0,652
Indomie,Indomie Mie Instant Kuah Rasa Kari Ayam isi 40 Bungkus / Dus,0,155000,0,8
Indomie,5 PCS - Indomie Goreng Spesial Jumbo 129 Gr,0,26650,0,361
Indomie,Indomie Ayam Bawang 1 Dus (Isi 40 Pcs),0,135000,0,219
Indomie,[1 Dus isi 40] Indomie Mie Goreng Rendang Ayam Geprek Aceh,0,105900,0,71
Indomie,PROMO paket Indomie goreng spc banded 5 pcs,0,21000,0,53
Indomie,Indomie 1 dus isi 40 bisa campur,0,156999,0,89
Indomie,( Paket 10pcs ) Indomie Goreng Ori/ Mie Instan Goreng,0,37400,0,205
Indomie,Indomie Goreng Instan 1 Dus Rasa Beragam,0,140000,0,2000
Indomie,INDOMIE KARI (isi 10 bks),0,36700,0,23
Indomie,IndoMie Coto Makassar 75gr isi 10pcs,0,51900,0,39
Indomie,"Indomie Soto Murah Meriah, Stock Terbatas Halo Murah",0,4340,0,6000
Indomie,Indomie RENDANG 1 Karton isi 40,0,144791,0,316
Indomie,Indomie Mie Goreng 1 Karton Isi 40 Bks,0,133500,0,240
Indomie,1 Dus 40 Pcs - Indomie All Varian Campur,0,83675,0,977
Indomie,Indomie Goreng / Indomie Rasa Soto / Ayam Bawang 5 Pack,0,19239,0,616
Indomie,INDOMIE AYAM SPECIAL 1 DUS ISI 40,0,128000,0,473
Indomie,20 PCS - Indomie Goreng Spesial 85 Gr,0,85600,0,426
Indomie,Indomie Kari Ayam 1 Dus Isi 40 Pcs,0,148000,0,1000
Indomie,Indomie Ayam Bawang 1 Dus Isi 40 Rasa Enak,0,130000,0,643
Indomie,INDOMIE AYAM BAWANG / SOTO / GORENG SPESIAL 1 DUS ISI 40 TERMURAH,0,133000,0,502
Indomie,Indomie Dus 40 Bungkus,0,140000,0,340
Indomie,10 PCS - Indomie Rasa Soto Koya Nagih 76 Gr,0,38900,0,764
Indomie,"Indomie 1 Dus Isi 40 Bisa Mix Rasa – Original, Expired Panjang, Halal",0,145000,0,42
Indomie,Indomie Mie Keriting Goreng Special New,0,5600,0,283
Indomie,INDOMIE MIE GORENG ACEH 90GR silahkan di order,0,5200,0,173
Indomie,INDOMIE 1 DUS ISI 40 PCS ALL VARIAN,0,142200,0,851
Indomie,INDOMIE mie goreng - kuah | all varian,0,4500,0,5000
Indomie,INDOFOOD MIE GORENG ISI 1 KARTON / INDOMIE GORENG INDOFOOD 1 CARTON - MIE GORENG ISI 40 PCS/1 CTN,0,133999,0,102
Indomie,Indomie Goreng Spesial 1 Dus / Karton Isi 40 Pcs Mie Instan,0,146500,0,8000
Indomie,INDOMIE 1 DUS BISA CAMPUR,0,139900,0,1000
Indomie,INDOMIE 1 DUS ISI 40 BUNGKUS / SEMUA RASA,0,101250,0,1000
Indomie,5 Bungkus | Mie Instan - Indomie Goreng - Mie Indomie - Indomie Coto Makassar - Indomie Ayam Bawang,0,23000,0,237
Indomie,Indomie Goreng Mie Instan 1 Karton Produk Original ED panjang,0,140700,0,155
Indomie,IndoMie Goreng 69g,0,4500,0,133
Indomie,Indomie Ayam Bawang 10 Pcs Rasa Lezat,0,39000,0,367
Indomie,INDOMIE GORENG DUS CAMPUR isi 40 / INDOMIE GORENG RENDANG AYAM GEPREK ACEH,0,146250,0,221
Indomie,Indomie Ayam Bawang 1 Dus,0,144000,0,141
Indomie,INDOMIE GORENG 1 DUS ISI 40 PCS,0,140000,0,245
Indomie,Indomie Mie Coto Makassar 75 Gr / 10 Bks,0,43757,0,162
Indomie,Indomie Goreng Bandit 5 Pcs Bali Style,0,21000,0,499
Indomie,Indomie Murah Mie Goreng Soto Kari Ayam Bawang Geprek Rendang Aceh Mix Campur Instan 1 Kar dus,0,151499,0,765
Indomie,[5 Pcs] Indomie Mi Goreng Jumbo - Goreng Special / Ayam Panggang / Rendang,0,29500,0,217
Indomie,Indomie Ayam Bawang Isi 40pcs (1 Dus) | mie instan grosir,0,136400,0,1000
Indomie,5 Pcs - Indomie Kuah Ayam Bawang,0,20400,0,330
Indomie,Indomie Goreng 1 Dus [40pcs x 80gr] Rasa Lezat,0,142450,0,3000
Indomie,5 PCS - Indomie Goreng Spesial 80 Gr,0,21400,0,4000
Indomie,INDOMIE GORENG 1DUS,0,153500,0,416
Indomie,Indomie Mie Instant Soto Mie 70gr 10pcs,0,38700,0,1000
Indomie,Indomie 1 Dus Banyak Rasa Bisa Mix Dan Request Isi 40 Pcs,0,158000,0,56
Indomie,Indomie 1 Dus I Mie Instant I Indomie Goreng Karton,0,156500,0,10000
Indomie,Mie Instan INDOMIE rasa SOTO 70 gr 1DUS [40PCS],0,149999,0,1000
Indomie,Indomie Rasa Soto Spesial 1 Dus,0,140000,0,105
Indomie,Indomie 1 Dus ( Goreng / Kari Ayam ),0,148000,0,2000
Indomie,Indomie Mi Instan Dengan Rasa Enak Dan Kenyal,0,22000,0,635
Indomie,20 PCS -Indomie Goreng Spesial 80 Gr,0,81600,0,625
Indomie,Indomie Goreng Jumbo Rasa Ayam Panggang 127 Gr/Mie Instant - ASIA BEST,0,5390,0,770
Indomie,Indomie Ayam Bawang 69 Gr,0,4080,0,9000
Indomie,Indomie Berbagai Rasa 1 Dus Isi 40 Pcs Grosir,0,123000,0,103
Indomie,Indomie Ayam Bawang 69gr Dus (Isi 40pcs) - Mie Instan,0,135500,0,993
Indomie,INDOMIE MIE GORENG SPECIAL KARTON,0,119900,0,6000
Indomie,Indomie Goreng Original 80g (6 Pcs) Bawang Goreng Lebih Banyak,0,26281,0,260
Indomie,Indomie Goreng Kari Kaldu Bawang Hype Geprek Soto Special Lamongan,0,3900,0,1000
Indomie,INDOMIE GORENG DUS ISI 40 / INDOMIE GORENG RENDANG AYAM GEPREK ACEH HYPE,0,133850,0,901
Indomie,Indomie goreng aceh 90 gram,0,4500,0,89
Indomie,Indomie Ayam Bawang paket 10 pcs,0,36999,0,415
Indomie,INDOMIE 1 DUS - MIX TERLARIS ED DESEMBER 2026,0,148500,0,3000
Indomie,Indomie Goreng Jumbo Special Rasa Gurih Pedas,0,5754,0,895
Indomie,Indomie goreng,0,21999,0,236
Indomie,Indomie Kuah All Variant isi 5 pcs,0,24900,0,1000
Indomie,Indomie Mie Instan Soto 70 Gr Rasa Gurih Asam,0,3300,0,4000
Indomie,Indomie Mie Ayam Bawang 69gr Bergizi Tinggi,0,4900,0,709
Indomie,Indomie Aceh 1 Dus Isi 40pcs,0,148000,0,63
Indomie,Indomie Mie Goreng Original 1 Dus Isi 40,0,138000,0,1000
Indomie,Indomie Mie Instan 1 Dus Isi 40 Aneka Rasa,0,135000,0,296
Indomie,INDOMIE GORENG ORIGINAL (80 gr),0,4376,0,818
Indomie,KALSEL INDOMIE SELERAKU 1 DUS MIE INSTAN GORENG KUAH SOTO BANJAR LIMAU KUIT SOTO REQUEST 40 PCS,0,94500,0,1000
Indomie,"Indomie Mi Goreng 10 Bungkus – Mi Legendaris, Rasa Mantap Tiap Suapan!",0,42800,0,216
Indomie,INDOMIE MIE INSTAN GORENG 1 DUS ISI 40 PCS,0,140000,0,745
Indomie,Indomie Goreng Spesial 5 Pcs Rasa Lezat,0,19900,0,578
Indomie,Indomie goreng 5 bungkus,0,19000,0,213
Indomie,INDOMIE MI GORENG ACEH 90GR,0,3100,0,90
Indomie,Indomie Goreng 10 Pcs Bumbu Spesial Lezat,0,50000,0,643
Indomie,Indomie Instan Kaldu Ayam Rasa Lezat Kuah Kental,0,4050,0,4000
Indomie,Indomie Goreng 1 Dus isi 40pcs (GRATIS ONGKIR INSTANT),0,145900,0,238
Indomie,Indomie Mi Goreng 1 dus isi 40 pcs,0,148600,0,1000
Indomie,5 Pcs Indomie Goreng 85gr (Harga 5pcs),0,20500,0,10000
Indomie,Indomie Goreng 72g Bungkus X 5 Hemat Berkualitas,0,21000,0,10
Indomie,Paketan isi 5 pcs Indomie / Goreng / Mie instan / Mie Goreng Instas/ 85 g,0,22500,0,34
Indomie,INDOMIE MIE GORENG SPECIAL 86 GR,0,3200,0,10000
Indomie,indomie goreng jumbo rasa ayam panggang (1 dus ),0,118000,0,165
Indomie,INDOMIE rasa sotomie / ayam bawang / kari / goreng / goreng rendang / ayam gepreK / ayam special ( 1 DUS ),0,143724,0,1000
Indomie,Indomie Mie Goreng 85gr Rasa Enak Bergizi,0,4990,0,1000
Indomie,indomie ayam bawang 1 dus isi 40pcs,0,132000,0,2000
Indomie,Indomie Mie Goreng Rasa Rendang 5 Pcs,0,19000,0,11
Indomie,Indomie pedas goreng karton,0,150000,0,255
Indomie,"1 Dus Indomie Mie Instan Ayam Spesial - Rasa Tradisional, Praktis, Hidangan Favorit",134650,200,134450,70
Indomie,INDOMIE RASA SOTO MEDAN PER KARTON,0,140000,0,5
Indomie,Indomie Mie Instan Rasa Ayam Spesial Dus,0,149900,0,465
Indomie,Indomie Goreng Sambal Rica Pedas Lezat,0,4384,0,789
Indomie,INDOMIE GORENG 1 KARTON [1 KARTON = 40 PCS],0,131300,0,5
Indomie,INDOMIE GORENG SPC 85Gr 1 DUS MURAH [ isi 40pc ],0,155999,0,2000
Indomie,Indomie Kaldu Ayam 75gr Isi 20 Pcs Rasa Nikmat,0,70000,0,51
Indomie,INDOFOOD Indomie Mi Goreng | Mi Aceh | Mi Ayam Geprek| Cakalang | Rendang,0,5800,0,31
Indomie,INDOMIE AYAM BAWANG ISI 5 | INDOMIE AYAM BAWANG | INDOMIE KUAH AYAM BAWANG,0,19500,0,35
Indomie,MIE INSTAN INDOMIE AYAM BAWANG,0,4384,0,130
Indomie,Indomie Soto 10 Pcs Rasa Enak Ekspansi Panjang,0,39000,0,792
Indomie,INDOMIE MIE GORENG SPECIAL KARTON,0,136530,0,39
Indomie,INDOMIE GORENG PEDAS 80GR ISI 5 PCS,0,34000,0,283
Indomie,Indomie Kari Ayam Mie Instan Rasa Gurih Lezat,0,4384,0,2000
Indomie,Indomie Mie Instan Dengan Vitamin Dan Mineral 6Pcs,0,21000,0,2000
Indomie,Indomie Rendang 1 Dus Isi 40pcs,0,148000,0,48
Indomie,PROMO HEMAT 5pcs Indomie kuah 68gr,0,20350,0,188
Indomie,Indomie Ayam Bawang 1 Dus Isi 40 Bungkus,0,140000,0,50
Indomie,Indomie Ayam Bawang Isi 40 Bungkus,0,143000,0,73
Indomie,Indomie Kaldu Ayam 75 Gr Rasa Lezat Asli,0,3940,0,1000
Indomie,INDOMIE SOTO BANJAR PAKET 5 PCS,0,20000,0,15
Indomie,Indomie Ayam Bawang 1 Dus Isi 40 Bungkus,0,124499,0,37
Indomie,Indomie Mi Goreng / Mie Khas Aceh / mi ayam geprek (10 bks mie),0,39700,0,4000
Indomie,INDOMIE MIE COTO MAKASSAR 75 GR / 1 DUS ISI 40 BKS,0,153688,0,203
Indomie,Indomie Bangladesh Mi Nyemek 1 Dus,0,150000,0,8
Indomie,Indomie 1 Dus Isi 40 Bks Mie Instan,0,160000,0,19
Indomie,Ecer Indomie All Varian Mie Instan Baru,0,4500,0,1000
Indomie,[1dus 40pcs] Mie Indomie All Varian 1 karton / Mi Indomie Goreng / Kari Ayam / Ayam Bawang / Kaldu Ayam / Soto Ayam / Ayam Spesial / Aceh / Rendang / Ayam Geprek Ready Stock bisa instant,0,143000,0,353
Indomie,Indomie Goreng 1 Dus (Isi 40pcs X @80gram),0,155000,0,12
Indomie,INDOMIE RASA SOTO MEDAN KHAS MEDAN ISI 5 PCS,0,35000,0,288
Indomie,INDOMIE MIE GORENG SPECIAL 86 GR,0,3410,0,10000
Indomie,Indomie Dus Campur 3 Rasa Goreng/Soto/Kari Ayam/Ayam Bawang Isi 40,0,153500,0,129
Indomie,1 Dus Indomie Goreng Isi 40 Pcs Kadaluarsa Juli 2026,0,148000,0,274
Indomie,INDOMIE Mie Instan Goreng Carton 80gr x 40pcs,0,164992,0,386
Indomie,INDOMIE - Mie Instant / Mi Instan (Grosir - Karton/ Dus isi 40 Bungkus),0,130300,0,9000
Indomie,Indomie Mi Instan Mi Goreng 80g Tanpa Kuah,0,4000,0,434
Indomie,Indomie mix 1 dus,0,146100,0,21
Indomie,KALSEL INDOMIE AYAM BAWANG PLUS KARDUS NOODLE KUAH TERENAK OTENTIK KAYA RASA 70GR,0,5800,0,1000
Indomie,Indomie Goreng Original,0,4130,0,376
Indomie,INDOMIE GORENG JUMBO AYAM PANGGANG 1 PC,0,5900,0,44
Indomie,Indomie Goreng 85gr Dus (Isi 40pcs) - Mie Instan,0,142500,0,1000
Indomie,Indomie Goreng Cabe Ijo 80gr isi 5 pcs,0,34500,0,295
Indomie,Indomie Kuah Kaldu Ayam 75gr Isi 5 Bungkus,0,19000,0,92
Indomie,Indomie Goreng 1 Karton x 2,0,307700,0,542
Indomie,Indomie Goreng Kari Ayam Kaldu Kadaluarsa Panjang,0,3800,0,410
Indomie,Indomie Mie Instan Mie Goreng (1dus isi 40pcs)/ (½dus isi 20pcs),0,77999,0,79
Indomie,INDOMIE MI GORENG 85GR,0,3700,0,221
Indomie,INDOMIE 1 DUS MIX BISA CAMPUR RASA ( ISI 40 PCS),0,162393,0,1000
Indomie,INDOMIE MIE GORENG JUMBO (127gr),0,5692,0,305
Indomie,INDOMIE rasa sotomie / ayam bawang / kari / goreng / goreng rendang / ayam gepreK / ayam special ( 1 DUS ),0,81500,0,10000
Indomie,INDOMIE R/SOTO SPSL 75GR,0,3000,0,106
Indomie,PROMO HEMAT 5pcs Indomie Goreng saos 85gr,0,20555,0,418
Indomie,INDOMIE GORENG JUMBO 1 KARTON ISI 24 PCS,0,121900,0,8
Indomie,Indomie Goreng Spesial 1 Dus 40pcs,0,151850,0,77
Indomie,Mie Indomie Goreng 1 Dus Isi 40 Pcs,0,145000,0,718
Indomie,Indomie 1 dus I Mie Instan I Mie Instan Kuah - Rasa Soto,0,149800,0,10000
Indomie,Indomie Mi Instan Kaldu Ayam 1 Dus (Isi 40 pcs) – Porsi Ekstra 15%,0,140900,0,287
Indomie,"Indomie Mie Instant Reguler 1Dus@40Bks Dan Jumbo 1Dus@24Bks, Tersedia 7 Varian",0,118300,0,1000
Indomie,Indomie Goreng Jumbo 1 Karton Mie Instan Terlengkap,0,123900,0,94
Indomie,5 PCS - INDOMIE AYAM BAWANG,0,18890,0,926
Indomie,10 PCS - Indomie Goreng Spesial 85 Gr,0,42800,0,2000
Indomie,Indomie Goreng Isi 40pcs Rasa Original,0,152700,0,655
Indomie,Mie Indomie,0,5000,0,262
Indomie,Indomie Rasa Ayam Bawang 1 Dus Isi 40 Pcs,0,139700,0,1000
Indomie,Indomie Goreng 84gr karton 40 pcs,0,135900,0,10
Indomie,Indomie Mi Goreng Jumbo Ayam Panggang – 1 Dus Isi 24 Pcs,0,119800,0,36
Indomie,INDOMIE MIE GORENG SPECIAL KARTON,0,149370,0,82
Indomie,Indomie Soto Mie 1 Dus 40pcs Kuah Gurih Segar,0,151850,0,19
Indomie,Indomie Goreng 5 Pcs,0,18000,0,401
Indomie,Indomie 1 dus I Mie Instan I Mie Instan Kuah - Rasa Ayam Bawang,0,149900,0,5000
Indomie,Indomie Kari Ayam 72gr,0,15000,0,8
Indomie,Indomie Rasa Soto Mie Kenyal Lembut 1 Dus 40 Pcs,0,139700,0,1000
Indomie,INDOMIE MIE KUAH RASA SOTOMIE 70 GR,0,3200,0,3000
Indomie,Indomie Ayam Bawang [69 Gr]/Mie Instan 1Dus(40Pcs),0,149999,0,1000
Indomie,Indomie Mie Instan Goreng 85 gr,0,3300,0,10000
Indomie,"(40 Pcs) Indomie Rasa Mi Goreng, Kari Ayam, Kaldu Ayam, Soto Medan (Kartonan isi 40 pcs), Pembelian Bisa Mix Rasa",0,150860,0,259
Indomie,"Indomie 1 Dus Isi 40 Soto, Goreng, Kaldu",0,110000,0,60
Indomie,INDOMIE GORENG / KUAH / SOTO / KARI DALAM KARTON (HARGA 1 KARTON INDOMIE),0,138000,0,1000
Indomie,INDOMIE KUAH REBUS RASA KARI / SOTO / SEBLAK / AYAM BAWANG / AYAM SPESIAL,0,5500,0,7000
Indomie,INDOMIE SOTO MIE 70GR,0,3200,0,1000
Indomie,INDOMIE MIE INSTANT SOTO MIE 70g,0,3100,0,278
Indomie,INDOMIE /INDOFOOD MIE INSTAN KARIE AYAM 1 DUS ISI 40 PCS,0,157500,0,6
Indomie,Indomie Mie Instan Soto 70 gr,0,3300,0,5000
Indomie,Indomie Goreng 1 Dus Isi 40 Pcs Rasa Enak,0,145999,0,322
Indomie,"CTN Indomie Grosir Dus Isi 40 pcs Bisa Mix Varian - Halal, 100% Asli Indofood dan Exp Panjang",0,135000,0,18
Indomie,Indomie Goreng Mie Instan 85 g ( 40 Pcs / 1 Karton ),0,149000,0,399
Indomie,Indomie Kaldu Ayam 1 karton,0,147900,0,171
Indomie,INDOMIE SOTO MIE 70GR,0,3600,0,93
Indomie,Indomie All Variasi 1 Karton 75g,0,135000,0,146
Indomie,Indomie Mie Instan Rasa Kari Ayam Termurah,0,3900,0,1000
Indomie,INDOMIE KUAH RASA SOTO MIE 1 DUS ISI 40 PCS,0,135000,0,506
Indomie,INDOMIE GORENG SPC 86 GR,0,3520,0,1000
Indomie,Indomie Soto Mie,0,4010,0,218
Indomie,Indomie Isi 5 Pcs Ayam Special Kaldu,0,17000,0,296
Indomie,Indomie Mi Goreng Instant 1 Dos,0,156000,0,16
Indomie,CTN - Indomie Kuah Ayam Bawang 69 Gr,0,155600,0,2000
Indomie,(BW1Store) Indomie goreng 1 dus isi 40 mie instant jumbo isi 24 promo bigsale varian mi goreng rendang kari ayam soto mie ayam bawang ayam spesial,0,125888,0,1000
Indomie,Indomie Mi Instan Goreng Rendang Ayam Geprek,0,4000,0,5000
Indomie,Indomie Goreng Mie Instan 5pcs,0,20000,0,210
Indomie,Indomie Goreng 1 Dus Isi 40 Bungkus,0,131333,0,26
Indomie,Indomie KaldU 1 DoS 40 PcS,0,135000,0,82
Indomie,Indomie Mie Instan Ayam Bawang 69 Gr,0,3500,0,4000
Indomie,Indomie Mi Instan Goreng 85G Dus isi 40,0,143000,0,46
Indomie,Mie Instan Indomie All Varian 1 Dus,0,155900,0,1
Indomie,Indomie Goreng Original 80gr Rasa Lezat Asli,0,5500,0,7000
Indomie,Indomie 1 Karton/Box/Dus 40 Pcs Terbaru,0,145000,0,14
Indomie,Indomie Goreng Original 1 Dus Isi 40pcs Makanan Cepat Saji,0,145000,0,103
Indomie,INDOMIE SOTO KARTONAN - CITA RASA INDONESIA,0,149999,0,4000
Indomie,Indomie goreng 5 bungkus ed 09/26,0,19250,0,239
Indomie,CTN - Indomie Hypeabis Mie Nyemek Banglahdes'e Rasa Kari 80 Gr,0,171200,0,122
Indomie,"Indomie Goreng Isi 10 pcs - Praktis, Lezat, dan Berkualitas",0,41900,0,3
Indomie,Indomie Mie Instan Ayam Bawang 69 gr,0,3500,0,5000
Indomie,Indomie Goreng Isi 40 pcs @85g Karton,0,143300,0,476
Indomie,Indomie Goreng Original 40x80gr Dus Praktis,0,146154,0,263
Indomie,INDOMIE MIE GORENG SPECIAL KARTON,0,140810,0,1000
Indomie,INDOMIE MIE INSTAN GORENG 1 KARTON ISI 40 BUNGKUS,0,169999,0,17
Indomie,INDOMIE Goreng 1 dus (40 bks @ 80g ) / Mie Aceh ( 40 bks @ 90g) / Mie Kriuk ( 40 bks @ 90g) / Mie Rendang kardus an,0,150450,0,960
Indomie,Indomie Mie Goreng Spesial 85 Gr / 1 Dus isi 40 Bks,0,150903,0,189
Indomie,"INDOMIE Mie Goreng Dan Kuah Rendang, Soto Mie, Ayam Bawang Per Dus 40pcs Bisa Mix",0,143900,0,616
Indomie,INDOMIE MI GORENG 1 DUS (40 BUNGKUS) – Puas Makan Sebulan!,0,159600,0,123
Indomie,"INDOMIE ALL VARIAN 1 DUS ISI 40 PCS(ACEH, RENDANG,AYAM GEPREK, KARI,AYAM BAWANG,SOTO, GORENG)",0,144000,0,602
Indomie,Indomie Mie Instan Goreng 85 Gr Rasa Favorit,0,3300,0,10000
Indomie,indomie 1 dus (40pcs) bisa campur rasa (tulis di note),0,159000,0,962
Indomie,Indomie Mie Goreng 1 Dus 40 Pcs Grosir,0,147000,0,35
Indomie,S05345 INDOMIE GORENG SPESIAL MIE INSTANT 80GR MAJU BERSAMA (20260528),0,4128,0,24
Indomie,S03518 INDOMIE GORENG KRIUUK PEDAS MIE INSTANT 90GR BKS MAJU BERSAMA (20260528),0,4128,0,3
Indomie,Indomie Mi Instan Mie Premium Tori Miso Japanese Ramen 86g Paket 5pcs,0,35000,0,5
Indomie,Indomie Soto Mie Instan [ 1 Dus Isi 40 Pcs ],0,143000,0,253
Indomie,INDOMIE MIE KARI AYAM 72 GR KARTON,0,136840,0,33
Indomie,INDOMIE MIE KUAH RASA SOTOMIE 70 GR,0,3410,0,10000
Indomie,"Indomie Goreng Spesial, Kari, Soto, Ayam Bawang 1 dus",0,145950,0,543
Indomie,(1 dus) Indomie Goreng Jumbo Special x 24 Pcs,0,135000,0,48
Indomie,INDOMIE GORENG RENDANG 91GR,0,3200,0,190
Indomie,INDOMIE MIE GORENG RENDANG 91g,0,3200,0,24
Indomie,5 PCS INDOMIE AYAM BAWANG BEST QUALITY .*,0,20540,0,10000
Indomie,Indomie Mi Goreng Jumbo (129 G/24 Pcs/Karton),0,122600,0,38
Indomie,Indomie Kaldu Ayam 75gr Dus Isi 40 Harga Murah,0,135000,0,127
Indomie,Mie Sakura 1 Dus (40bks) Mi Instan Goreng Indomie Goreng,0,83000,0,985
Indomie,Indomie Mie Goreng Kriuuk (10 bungkus) Kriuk pedas,0,39700,0,730
Indomie,Indomie Goreng 1 Dus 40pcs Rasa Lezat,0,131000,0,67
Indomie,INDOMIE KARI AYAM 72 GR,0,4524,0,596
Indomie,Indomie goreng 1CTN isi 40pcs,0,147000,0,52
Indomie,INDOMIE MI GORENG RASA AYAM GEPREK 85GR,0,3100,0,28
Indomie,IndoMie Goreng,0,5400,0,575
Indomie,Indomie Goreng (5 pcs),0,19000,0,34
Indomie,Indomie Mie Instan Goreng Rendang 91 gr,0,3500,0,2000
Indomie,Indomie Mie Instan Goreng 85 Gr Rasa Lezat,0,3300,0,10000
Indomie,Indomie Goreng Jumbo isi 24 pcs /Karton,0,112200,0,556
Indomie,INDOMIE MIE KUAH AYAM BAWANG 69 GR,0,3200,0,4000
Indomie,INDOMIE MIE GORENG JUMBO 129GR,0,4100,0,253
Indomie,Indomie Goreng Mie Instan 80g (40 Pcs/1 Karton),0,149600,0,262
Indomie,Indomie Ayam Bawang,0,4010,0,116
Indomie,INDOMIE CAMPUR 1 DUS ISI 40 PCS (20pcs + 20pcs),0,146000,0,506
Indomie,5 Pcs Indomie Rebus Rasa SOTO (Harga 5pcs),0,20200,0,3000
Indomie,(1 PCS) Aneka Indomie,0,4270,0,877
Indomie,IndoMie Soto,0,160916,0,38
Indomie,Indomie Goreng 1 DUS (40 PCS) Mie Instant,0,126614,0,856
Indomie,Indomie Mie Goreng 1 Dus / Karton isi 40 Pcs,0,149999,0,3
Indomie,INDOMIE MIE SOTO MIE KARTON,0,136530,0,750
Indomie,INDOMIE AYAM BAWANG 69GR,0,3400,0,378
Indomie,Indomie Mie Kuah Kaldu Ayam 1 Karton isi 40,0,134078,0,0
Indomie,INDOMIE KALDU AYAM 75GR,0,2800,0,325
Indomie,Indomie Mie Instant Mi Goreng 80g x 5 pcs,0,23000,0,56
Indomie,Indomie Goreng 85g 1dus,0,155900,0,56
Indomie,Indomie Mie Instan Rasa Kari Ayam 69gr,0,3400,0,493
Indomie,Indomie Ayam Bawang Spesial Ecer Rasa Original,0,5500,0,1000
Indomie,Indomie Mie Nyemek Jogja Rasa Rendang,0,4240,0,26
Indomie,IndoMie Soto Spesies 1dus,0,154000,0,1
Indomie,INDOMIE MIE KUAH KALDU AYAM 75 GR,0,3200,0,10000
Indomie,Indomie Goreng Instant 1 DUS isi 40pcs,0,141999,0,48
Indomie,INDOMIE MIE GORENG JUMBO SPECIAL 129g,0,4200,0,586
Indomie,Indomie Mie Instan Mi Goreng per Dus PROMO MURAH,0,146900,0,208
Indomie,Indomie Perdus Mie Instan Berbagai Rasa,0,138000,0,310
Indomie,INDOMIE MIE KUAH KALDU AYAM 75 GR,0,3410,0,706
Indomie,Indomie Goreng Special 80gr x 10 Pcs | Paket Favorit Keluarga,0,45625,0,10
Indomie,[DUS] Indomie Goreng / Kari Ayam Spesial / Ayam Bawang / Soto Mie / Kaldu Ayam / Rendang / Aceh / Geprek / Seblak Jeletot,0,138000,0,6000
Indomie,[ 1 Bungkus ] Indomie Mi Goreng Kemasan Putih,0,3990,0,669
Indomie,Indomie Empal Gentong 1 Dus [ 40 Pcs ],0,145000,0,8
Indomie,Indomie Soto Mie 70gr Rasa Sotomie Berkualitas,0,3600,0,886
Indomie,Indomie Mie Instant (1dus = 40bungkus) Sameday Only,0,138500,0,2000
Indomie,INDOMIE GORENG SPESIAL 1 DUS (40 PCS),0,162299,0,46
Indomie,INDOMIE MIE SOTO MIE KARTON,0,145090,0,18
Indomie,Indomie Mie Goreng,0,4700,0,219
Indomie,INDOMIE MIE SOTO MIE KARTON,0,149800,0,3
Indomie,Indomie Mie Instant Soto Medan 70g x 5 pcs,0,23000,0,24
Indomie,Indomie Mi Instant Jumbo Goreng 1 Dus Isi 24bks,0,118500,0,12
Indomie,Indomie Kuah Soto Mie 5 Pcs Rasa Nikmat,0,20000,0,446
Indomie,Indomie Kari Ayam Isi 40Pcs,0,143300,0,97
Indomie,Indomie Goreng Dus Isi 40 Pcs Rasa Ok,0,160000,0,491
Indomie,(C1) Combo Hemat 20 Pcs Indomie Mi Celor Khas Palembang,0,75000,0,2
Indomie,Indomie Soto Mie,0,4240,0,101
Indomie,Indomie Per Karton Isi 40 Pcs Mie Instan,0,152000,0,8
Indomie,INDOMIE MIE GORENG ACEH 90 GR,0,3200,0,6000
Indomie,Indomie Mie Instan Ayam Special 68 gr,0,3500,0,248
Indomie,INDOMIE SOTO 5pcs,0,18900,0,29
Indomie,Indomie Goreng 80 Gram 1 Pcs Rasa Lezat Asli,0,4094,0,614
Indomie,Indomie Kaldu Ayam /Mie Instan Bundle 5 Pcs,0,17350,0,34
Indomie,Indomie Campur Rasa Soto Bawang Goreng Kari Geprek Rendang 1 Dus isi 40 Bungkus,0,148000,0,935
Indomie,Mi Instan Indomie Karton (Isi 40/Karton) (11 Varian Rasa),0,148900,0,39
Indomie,INDOMIE MIE AYAM BAWANG KARTON,0,127970,0,84
Indomie,Indomie Mie Instan Goreng 80gr Dengan Packaging Cardboard,0,3400,0,503
Indomie,INDOMIE MIE GORENG RASA SAMBAL RICA 85 GR,0,3200,0,2000
Indomie,Indomie Mie Instan Goreng 80gr Bandar Lampung,0,5000,0,978
Indomie,INDOMIE MIE INSTANT PER KARTON ISI 40 PCS HEN-HEN,0,140000,0,723
Indomie,Indomie Goreng Aceh 1 Dus Isi 40pcs,0,167000,0,12
Indomie,Indomie Instant Perdus Isi 40,0,142900,0,7000
Indomie,Indomie Mi Goreng 85gr - Mi Instan Rasa Goreng,0,3700,0,239
Indomie,Mie Instan Indomie All Varian Goreng Kuah Enak,0,3500,0,256
Indomie,INDOMIE MIE KERITING GORENG SPECIAL NEW 90 GR,0,4910,0,767
Indomie,Indomie Perdus Isi 40 Bungkus Rasa Sangat Puas,0,137000,0,185
Indomie,INDOMIE MIE KUAH AYAM BAWANG 69 GR,0,4160,0,588
Indomie,Indomie Soto per dus isi 40 bungkus,0,135000,0,568
Indomie,Indomie goreng 1 dus ed 09/26,0,144100,0,288
Indomie,Indomie • Indomie 1 Dus 40Pcs • Bisa Campur Varian,0,150000,0,112
Indomie,INDOMIE GORENG | SOTO | AYAM BAWANG | KARI AYAM | AYAM GRPREK | RENDANG,0,142000,0,5000
Indomie,Indomie kari ayam 1 dus,0,143100,0,169
Indomie,Indomie Soto Mie 1 Dus Karton Exp Panjang (Isi: 40 Pcs),0,139500,0,118
Indomie,INDOMIE HYPEABIS RASA SBLAK H/JLTOT 75GR,0,3000,0,8
Indomie,indomie mie kuah ayam bawang 1 pcs,0,3994,0,264
Indomie,INDOMIE AYAM BAWANG KARTONAN,0,149999,0,4000
Indomie,Indomie Mie Instan Goreng Special Jumbo 127 gr,0,5100,0,266
Indomie,Mie Instant Indomie Goreng Special Rasa Legendaris,0,83900,0,44
Indomie,Indomie Goreng 1 Dus 40 Pcs,0,150000,0,2
Indomie,INDOMIE AYAM SPECIAL 68GR,0,3600,0,22
Indomie,Indomie Goreng 1 Dus Isi 40 Pcs Mie Instan,0,145000,0,3
Indomie,INDOMIE MIE KERITING GORENG AYAM PANGGANG NEW 90 GR,0,4910,0,583
Indomie,Indomie Mie Instan Kaldu Ayam 75 gr,0,3500,0,257
Indomie,Indomie Kaldu Ayam 72gr,0,4500,0,1000
Indomie,Indomie Mie Instan Kari Ayam 72 gr,0,3500,0,833
Indomie,Indomie Mie Instan Kaldu Ayam 75gr Pengiriman Cepat,0,4270,0,1000
Indomie,INDOMIE MIE GORENG RASA AYAM GEPREK 85 GR,0,3410,0,2000
Indomie,INDOMIE MIE KERITING GORENG SPECIAL NEW 90 GR,0,5020,0,152
Indomie,INDOMIE MIE SOTO MIE KARTON,0,136590,0,9
Indomie,INDOMIE KUAH RAWON PEDAS MERCON 75 GR,0,3200,0,481
Indomie,Indomie Goreng 1 Dus/40 Pcs Makanan Ringan,0,144000,0,1000
Indomie,INDOMIE KOREAN K-ROSE 85 GR,0,6620,0,36
Indomie,indomiesoto1dus/40pcs,0,106000,0,0
Indomie,Indomie Goreng 80 Gr 1Dus X 40Pcs Mie Instant - ASIA BEST,0,159500,0,4
Indomie,INDOMIE KARTON,0,130737,0,526
Indomie,Indomie Goreng 1 Dus Isi 40 Pcs Frozen Food,0,146000,0,49
Indomie,Indomie Mie Instan Goreng Aceh 90 gr,0,3700,0,342
Indomie,Indomie Ayam Special 75 Gr,0,3520,0,404
Indomie,Indomie Goreng 1 Karton,0,139000,0,46
