brand,nama_produk,harga_coret,harga_diskon,nominal_diskon,jumlah_terjual,e_commerce,country,tipe_kemasan
Wings,Mie Sedaap Rasa Soto,0,3500,0,30,Shopee,Indonesia,Satuan
Wings,Mie sedaap bakso special,0,3500,0,57,Shopee,Indonesia,Satuan
Wings,Mie Sedaap Goreng.,0,3750,0,196,Shopee,Indonesia,Satuan
Wings,Mie Sedaap Goreng,0,3500,0,54,Shopee,Indonesia,Satuan
Wings,SEDAAP MIE KUAH RASA SOTO ISI 5 BUNGKUS X75 GR,0,12890,0,1000,Shopee,Indonesia,Bundling
Wings,SEDAAP MIE GORENG ISI 5 BUNGKUS X 90 GR,0,16360,0,1000,Shopee,Indonesia,Bundling
Wings,Sedaap Mie Instan Goreng Isi 5 Bag 90 gr,0,15800,0,10000,Shopee,Indonesia,Bundling
Wings,Sedaap Mie Instan Soto Isi 5 Bag 75 gr,0,15000,0,10000,Shopee,Indonesia,Bundling
Wings,Mie Sedaap Soto 75gr isi 5 x 8 pack (1 box),0,112100,0,10000,Shopee,Indonesia,Grosir
Wings,Sedaap Mie Instan Singapore Spicy Laksa Bag 83 gr x5,0,15500,0,10000,Shopee,Indonesia,Bundling
Wings,SEDAAP MIE CUP SINGAPORE SPICY LAKSA 86 GR,0,5340,0,5,Shopee,Indonesia,Satuan
Wings,Sedaap Mie Instan Kari Kental Special Bag 75 gr isi 40 (Kardus),0,120700,0,10000,Shopee,Indonesia,Grosir
Wings,"mie sedaap dengan 12 variant, BELI 1 PCS BISA COD",0,4250,0,1000,Shopee,Indonesia,Satuan
Wings,Sedaap Mie Instan White Curry Bag 81 gr x5,0,15400,0,10000,Shopee,Indonesia,Bundling
Wings,Sedaap Mie Instan Ayam Bakar Limau Bag 89 gr x5,0,16300,0,10000,Shopee,Indonesia,Bundling
Wings,Sedaap Mie Instan Korean Spicy Chicken Bag 87 gr isi 40 (Kardus),0,128200,0,10000,Shopee,Indonesia,Grosir
Wings,Mie Sedaap Soto 75 gr isi 5 + Mie Sedaap Goreng 90 gr isi 5,0,29700,0,10000,Shopee,Indonesia,Bundling
Wings,Sedaap Mie Instan Ayam Jerit 77 gr x5,0,15400,0,10000,Shopee,Indonesia,Bundling
Wings,Sedaap Mie Instan Ayam Bakar Limau Bag 89 gr Carton (40 pcs),0,128300,0,55,Shopee,Indonesia,Grosir
Wings,Sedaap Mie Instan Ayam Bawang Bag 71 gr isi 40 (Kardus),0,105600,0,10000,Shopee,Indonesia,Grosir
Wings,Mie Sedaap Ramen Yes Bundling [promo beli 2 gratis 1],0,10500,0,26,Shopee,Indonesia,Bundling
Wings,Sedaap Mie Instan Korean Spicy Soup Bag 77 gr x5,0,15400,0,10000,Shopee,Indonesia,Bundling
Wings,SEDAAP MIE KOREAN SPICY CHICKEN 87 GR,0,3520,0,428,Shopee,Indonesia,Satuan
Wings,SEDAAP MIE AYAM BAWANG ISI 5,0,14880,0,377,Shopee,Indonesia,Bundling
Wings,Sedaap Mie Instan Ayam Bawang Bag 71 gr x5,0,15500,0,10000,Shopee,Indonesia,Bundling
Wings,Sedaap Mie Instan Cup Kari Spesial 81 gr Carton (12 pcs),0,52100,0,166,Shopee,Indonesia,Grosir
Wings,Sedaap Mie Instan Cup Kari Mercon 79 gr x3,0,13700,0,10000,Shopee,Indonesia,Bundling
Wings,Sedaap Mie Instan Singapore Spicy Laksa 83g x5,0,15500,0,10000,Shopee,Indonesia,Bundling
Wings,SEDAAP Mie Korean Spicy 5pcs x 87gr,0,23000,0,164,Shopee,Indonesia,Bundling
Wings,Promo 12 Pcs Mie Ramen Yes Sedaap Varian Kuah/Goreng,0,35000,0,35,Shopee,Indonesia,Bundling
Wings,"Mie Instan Sedaap Soto 5pcs - Kenyal, Gurih, Praktis",0,13500,0,3,Shopee,Indonesia,Bundling
Wings,Mie Sedaap Selection Mie Instan Korean Spicy Chicken 5 x 87 gr,0,16300,0,4000,Shopee,Indonesia,Bundling
Wings,Sedaap Mie Instant Goreng/Kuah Varian Rasa Lengkap,0,3900,0,10000,Shopee,Indonesia,Satuan
Wings,Mie Sedaap Goreng 90gr isi 5 Triple Pack,0,45400,0,10000,Shopee,Indonesia,Bundling
Wings,Sedaap Mie Instan Singapore Spicy Laksa Bag 83 gr isi 40 (Kardus),0,120700,0,10000,Shopee,Indonesia,Grosir
Wings,Sedaap Mie Instan Singapore Spicy Laksa Bag 83 gr Carton (40 pcs),0,120700,0,19,Shopee,Indonesia,Grosir
Wings,Sedaap Mie Instan Goreng Isi 5 Bag 90 gr x3,0,45400,0,10000,Shopee,Indonesia,Bundling
Wings,Sedaap Mie Instan Ayam Spesial 69 gr Carton (40 pcs),0,120900,0,47,Shopee,Indonesia,Grosir
Wings,Mie Sedaap Mi Goreng Mie Instan 5 x 90 gr (4 pack),0,60300,0,10000,Shopee,Indonesia,Bundling
Wings,Sedaap Mie Instan Goreng Ala Chef Bag 93 gr x5,0,16300,0,10000,Shopee,Indonesia,Bundling
Wings,MIE SEDAAP Rasa Soto Pack Isi 5,0,21200,0,235,Shopee,Indonesia,Bundling
Wings,Sedaap Mie Instan Cup Korean Spicy Chicken 81 gr Carton (12 pcs),0,55100,0,133,Shopee,Indonesia,Grosir
Wings,MIE SEDAAP Cheese Buldak 5 Pcs x 89 Gr,0,23000,0,45,Shopee,Indonesia,Bundling
Wings,Sedaap Mie Kuah Instant,0,4500,0,1000,Shopee,Indonesia,Satuan
Wings,Sedaap Mie Instan Ayam Bawang Isi 5 Bag 71 gr,0,14589,0,7,Shopee,Indonesia,Bundling
Wings,Sedaap Mie Instan Singapore Spicy Laksa Bag 83 gr isi 40 (Kardus),0,128700,0,0,Shopee,Indonesia,Grosir
Wings,mie sedaap cup goreng 1 dus isi 12 cup,0,59900,0,32,Shopee,Indonesia,Grosir
Wings,SEDAAP MIE SINGAPORE SPICY LAKSA 83 GR,0,3410,0,682,Shopee,Indonesia,Satuan
Wings,(DUS) MIE SEDAAP MIE INSTAN ISI 40 N1856,0,163020,0,3,Shopee,Indonesia,Grosir
Wings,Sedaap Mie Instan Cup Soto 81 gr x3,0,13700,0,10000,Shopee,Indonesia,Bundling
Wings,Mie Sedaap Goreng 90gr x 40 (1 box),0,128200,0,2000,Shopee,Indonesia,Grosir
Wings,Mie Sedaap Mie Instan Rasa Soto 3 x 375 gr,0,43200,0,6000,Shopee,Indonesia,Bundling
Wings,Sedaap Mie Instan Cup Ayam Nampool 75 gr Carton (12 pcs),0,52100,0,79,Shopee,Indonesia,Grosir
Wings,1 DUS Mie Sedaap Cup All Varian Rasa Isi 12 pcs,0,61749,0,5000,Shopee,Indonesia,Grosir
Wings,SEDAAP MIE KARI SPECIAL,0,3360,0,182,Shopee,Indonesia,Satuan
Wings,Sedaap Mie Instan Ayam Spesial 69 gr x5,0,15900,0,10000,Shopee,Indonesia,Bundling
Wings,Sedaap Mie Instan Cup Baso Bleduk 77 gr Carton (12 pcs),0,52100,0,316,Shopee,Indonesia,Grosir
Wings,SEDAAP MIE KUAH AYAM JERIT 77GR,0,3120,0,219,Shopee,Indonesia,Satuan
Wings,Sedaap Mie Goreng 90 Gr,0,3520,0,369,Shopee,Indonesia,Satuan
Wings,MIE SEDAAP GORENG ISI 5 BKS N1853,0,25047,0,5,Shopee,Indonesia,Bundling
Wings,SEDAAP MIE CURRY WHITE 81 GR,0,3630,0,376,Shopee,Indonesia,Satuan
Wings,Sedaap Mie Instan Cup Soto 81 gr x12,0,52100,0,10000,Shopee,Indonesia,Bundling
Wings,SEDAAP Mie Instan Soto Bag 75GR Box isi 40 Pcs,0,120700,0,2000,Shopee,Indonesia,Grosir
Wings,Mie Instant Mie Sedaap Mie Goreng,0,4900,0,3,Shopee,Indonesia,Satuan
Wings,Mie Sedaap Goreng Korean Series,0,18100,0,1000,Shopee,Indonesia,Satuan
Wings,Sedaap Mie Instan Kari Ayam Bag 72 gr x5,0,15400,0,10000,Shopee,Indonesia,Bundling
Wings,Mie Sedaap Cup All Varian - Mi Sedap,0,7800,0,4,Shopee,Indonesia,Satuan
Wings,Sedaap Mie Instan Goreng Ala Chef Bag 93 gr x40,0,128300,0,9000,Shopee,Indonesia,Grosir
Wings,Sedaap Mie Instan Ayam Jerit 77 gr Carton (40 pcs),0,129600,0,84,Shopee,Indonesia,Grosir
Wings,Mie Sedaap Mi Instan Ayam Bakar Limau 5 x 89 gr,0,16300,0,5000,Shopee,Indonesia,Bundling
Wings,Sedaap Mie Instan Goreng Bag 90 gr Box isi 40,0,128200,0,10000,Shopee,Indonesia,Grosir
Wings,Mie Sedaap Soto 5 x 75 gr + Mie Sedaap Goreng 5 x 90 gr,0,29700,0,10000,Shopee,Indonesia,Bundling
Wings,Sedaap Mie Instan Cup Singapore Spicy Laksa 86 gr Carton (12 pcs),0,52100,0,289,Shopee,Indonesia,Grosir
Wings,Sedaap Mie Instan Cup Singapore Spicy Laksa 86 gr x3,0,13700,0,10000,Shopee,Indonesia,Bundling
Wings,Sedaap Mie Instan Goreng Isi 5 Bag 90 gr Carton (8 pcs),0,118000,0,10000,Shopee,Indonesia,Grosir
Wings,Sedaap Mie Instan Bakso Spesial Bag 77 gr x5,0,15500,0,10000,Shopee,Indonesia,Bundling
Wings,Sedaap Mie Instan Goreng Salero Padang Bag 86 gr x3,0,11000,0,7000,Shopee,Indonesia,Bundling
Wings,Sedaap Mie Instan Soto Isi 5 Bag 75 gr x3,0,43200,0,10000,Shopee,Indonesia,Bundling
Wings,SEDAAP MIE INSTANT 1 DUS ISI 40 ED DES 2026,0,138996,0,10000,Shopee,Indonesia,Grosir
Wings,Sedaap Mie Instan Goreng Bag 90 gr x40,0,128200,0,10000,Shopee,Indonesia,Grosir
Wings,Sedaap Mie Instan Goreng Ayam Krispi Bag 88 gr Carton (40 pcs),0,136100,0,16,Shopee,Indonesia,Grosir
Wings,Sedaap Mie Goreng Intan Salero Padang 86 gr x 2,0,7500,0,2000,Shopee,Indonesia,Satuan
Wings,Sedaap Mie Instan Cup Korean Spicy Chicken 81 gr x12,0,55100,0,7000,Shopee,Indonesia,Bundling
Wings,"Mie Instan Sedaap Goreng 5 Pcs - Praktis, Lezat, Higienis",0,17580,0,21,Shopee,Indonesia,Bundling
Wings,Sedaap Mie Instan Goreng Ayam Krispi Bag 88 gr x5,0,16300,0,10000,Shopee,Indonesia,Bundling
Wings,SEDAAP MI GORENG ALA CHEF DEVINA 93 GR,0,3520,0,42,Shopee,Indonesia,Satuan
Wings,Sedaap Mie Instan Cup Bakso Spesial 77 gr x12,0,52100,0,10000,Shopee,Indonesia,Bundling
Wings,Sedaap Mie Instan Cup Baso Bleduk 77 gr x12,0,52100,0,10000,Shopee,Indonesia,Bundling
Wings,(BHGAA) MIE SEDAAP GORENG limau DAN KUAH ayam bawang spicy kari soto singapore korean 85GR,0,3478,0,3000,Shopee,Indonesia,Satuan
Wings,Mie Sedaap Korean Cheese Buldak 86 gr isi 40pcs,0,128400,0,403,Shopee,Indonesia,Grosir
Wings,SEDAAP Mie Instan Ayam Bawang Bag 70GR Box isi 40 Pcs,0,121200,0,473,Shopee,Indonesia,Grosir
Wings,(10/5 PCS) SEDAAP MIE INSTAN ALL VARIAN PAKET HEMAT NOODLE FOOD,0,19900,0,4,Shopee,Indonesia,Bundling
Wings,Mie Sedaap Goreng 72gr,0,23000,0,6,Shopee,Indonesia,Satuan
Wings,Sedaap Mie Instan Cup Singapore Spicy Laksa 86 gr x12,0,52100,0,8000,Shopee,Indonesia,Bundling
Wings,Sedaap Mie Instan Goreng Ala Chef Bag 93 gr Carton (40 pcs),0,128300,0,74,Shopee,Indonesia,Grosir
Wings,SEDAAP Mie Instan Korean Spicy Chicken Bag Box Isi 40 pcs,0,128200,0,405,Shopee,Indonesia,Grosir
Wings,Sedaap Mie Instan Soto Bag 75 gr x5,0,16200,0,10000,Shopee,Indonesia,Bundling
Wings,Sedaap Mie Instan Ayam Bakar Limau Bag 89 gr x 10 pcs,0,35000,0,100,Shopee,Indonesia,Bundling
Wings,Sedaap Mie Instan Goreng Ala Chef Bag 93 gr x 10 pcs,0,35000,0,642,Shopee,Indonesia,Bundling
Wings,Mie Sedaap Mie Instan Goreng 5 x 90 gr,0,18100,0,10000,Shopee,Indonesia,Bundling
Wings,SEDAAP MIE RASA BASO SPECIAL 77 GR,0,3630,0,108,Shopee,Indonesia,Satuan
Wings,Sedaap Mie Instan Ayam Jerit 77 gr x 5 pcs,0,15400,0,1000,Shopee,Indonesia,Bundling
Wings,PAKET 1 KARTON MIE SEDAAP INSTANT 75gr 90gr 92 gr x 40 PRLA MIE SEDAP,0,122290,0,628,Shopee,Indonesia,Grosir
Wings,Sedaap Mi Instan Kuah White Curry 81 gr x 5,0,15400,0,4000,Shopee,Indonesia,Bundling
Wings,Sedaap Mie Instan Cup Singapore Spicy Laksa 86 gr,0,5600,0,10000,Shopee,Indonesia,Satuan
Wings,Mie Sedaap All Variant 10 Rasa Instan Enak,0,4500,0,216,Shopee,Indonesia,Satuan
Wings,Sedaap Mie Instan Goreng Ayam Krispi Bag 88 gr x3,0,11000,0,10000,Shopee,Indonesia,Bundling
Wings,Sedaap Mie Instan Cup Soto 81 gr Carton (12 pcs),0,52100,0,341,Shopee,Indonesia,Grosir
Wings,Mie Sedaap Kari Ayam 5 x 72gr,0,15400,0,6000,Shopee,Indonesia,Bundling
Wings,"20 Pcs Mie Instan SEDAAP Banyak Rasa (Variasi Pilihan) -Nikmati Kelezatan, Bumbu Otentik, Halal BPOM",0,65999,0,70,Shopee,Indonesia,Bundling
Wings,Mie sedaap soto isi 5,0,14500,0,41,Shopee,Indonesia,Bundling
Wings,Sedaap Mie Instan Cup Korean Spicy Chicken 81 gr x3,0,14500,0,10000,Shopee,Indonesia,Bundling
Wings,SEDAAP MIE MIE INSTANT GORENG 5x91g,0,15700,0,10,Shopee,Indonesia,Satuan
Wings,Mie Sedaap Korean Cheese Buldak Isi 20 Pcs | Paket Hemat Mi Sedaap Korea Pedas Keju | Mie Instan Korea Murah,0,73900,0,0,Shopee,Indonesia,Bundling
Wings,Mie Sedaap Mie Instan Goreng Ayam Krispi 5 x 88 gr,0,16300,0,5000,Shopee,Indonesia,Bundling
Wings,Mie Sedap Laksa Singapore Spicy Kuah Pedas 85g,0,3050,0,2000,Shopee,Indonesia,Satuan
Wings,Mie Sedaap Kuah Sedap Kuah / Mie Sedaap Kuah Rasa Kari Spesial / Sedap Soto / Sedap Ayam Bawang,0,3132,0,10000,Shopee,Indonesia,Satuan
Wings,MIE SEDAAP KOREAN SPICY CHICKEN 1 DUS ISI 40PCS,0,151000,0,5,Shopee,Indonesia,Grosir
Wings,MI SEDAP REBUS,0,3499,0,241,Shopee,Indonesia,Satuan
Wings,MIE SEDAAP MI INSTAN KUAH DAN GORENG BERBAGAI RASA - MIE SEDAP JELAS TERASA SEDAPNYA,0,3500,0,1000,Shopee,Indonesia,Satuan
Wings,Mie Sedaap Instant Bisa Mix Rasa 1 Karton isi 40 Pcs - Mie Sedap Mix All Variant,0,68000,0,182,Shopee,Indonesia,Grosir
Wings,MIE SEDAAP RASA AYAM BAWANG 1 DUS ISI 40PCS,0,144000,0,8,Shopee,Indonesia,Grosir
Wings,[GROSIR] Mie Sedaap Goreng 1 Dus Isi 40 pcs Mie Instan Harga Murah & Original,0,139500,0,132,Shopee,Indonesia,Grosir
Wings,Mie Sedaap Korean Spicy Soup 5 x 77 gr,0,15400,0,4000,Shopee,Indonesia,Bundling
Wings,SEDAAP MIE KUAH KOREAN SPICY SOUP BAG 77 GR,0,3630,0,207,Shopee,Indonesia,Satuan
Wings,[1 Dus ] Mie Sedaap Korean Spicy Chicken 87 Gram 40 Pcs - Mie Selection - Mie Sedaap Goreng Nikmat Pedas 1 Karton Seaweed Crunch,0,126990,0,5,Shopee,Indonesia,Grosir
Wings,Sedaap Mie Instan Ayam Jerit 77 gr x 10 pcs,0,33300,0,927,Shopee,Indonesia,Bundling
Wings,MI SEDAAP Mie Instan X 5 Pcs,0,22500,0,45,Shopee,Indonesia,Bundling
Wings,Sedaap Mie Instan Cup Korean Spicy Soup 75 gr Carton (12 pcs),0,55100,0,16,Shopee,Indonesia,Grosir
Wings,SEDAAP MIE MIE INSTAN GORENG 5X90GR,0,16900,0,5,Shopee,Indonesia,Satuan
Wings,Mie Sedaap Cup Selection Korean Spicy Chicken ( 1 Dus Isi 12 Cup ),0,73500,0,2,Shopee,Indonesia,Grosir
Wings,Mie Sedap Isi 5 Bungkus - Banded Packaging,0,16900,0,72,Shopee,Indonesia,Bundling
Wings,SEDAAP MIE GORENG 5X75 GR,0,15200,0,83,Shopee,Indonesia,Satuan
Wings,Mie Sedaap Mi Instan Goreng 3 x 90 gr,0,11000,0,10000,Shopee,Indonesia,Bundling
Wings,SEDAAP MIE GORENG ALA CHEF 93GR,0,3600,0,64,Shopee,Indonesia,Satuan
Wings,Sedaap Mie Instant Cup,0,7300,0,1000,Shopee,Indonesia,Satuan
Wings,Mie Sedaap Campur Isi 20 Pcs | Goreng 10 + Soto 10 | Paket Hemat Mie Instan Mix Original Murah,0,72900,0,1,Shopee,Indonesia,Bundling
Wings,Sedaap Mie Instan Goreng Ala Chef Bag 93 gr x 3 pcs,0,11000,0,959,Shopee,Indonesia,Bundling
Wings,SEDAAP MIE GORENG 5X75 GR,0,14800,0,27,Shopee,Indonesia,Satuan
Wings,Mie Sedaap Instant Goreng 90 gr x 2,0,7500,0,10000,Shopee,Indonesia,Satuan
Wings,Mie Sedaap Mi Instan Kari Spesial 4 x 75 gr,0,13900,0,4000,Shopee,Indonesia,Satuan
Wings,Mie Sedaap Ayam Bawang Isi 40 Pcs Mie Instan Kuah Karton,0,133000,0,3,Shopee,Indonesia,Grosir
Wings,Mie Sedaap Mi Instan Kuah Soto 3 x 75 gr,0,10500,0,2000,Shopee,Indonesia,Bundling
Wings,Mie Sedaap Selection Paket 3 - 10 pcs,0,11834,0,2000,Shopee,Indonesia,Bundling
Wings,MIE SEDAAP INSTAN KUAH DAN GORENG,0,3150,0,9000,Shopee,Indonesia,Satuan
Wings,MIE SEDAAP MIE INSTAN N1855,0,8711,0,0,Shopee,Indonesia,Satuan
Wings,"Mie Instan Sedaap Rasa Ayam Bawang 70g - Ecer, Praktis, Nikmat",3999,300,3699,20,Shopee,Indonesia,Satuan
Wings,Mie sedaap isi 5pcs x 90gr soto/goreng,0,16100,0,45,Shopee,Indonesia,Bundling
Wings,Mie Sedaap Goreng Isi 10 Pcs I Sedap Goreng 90gram,0,35000,0,82,Shopee,Indonesia,Bundling
Wings,Mie Sedaap Singapore Spicy Laksa Isi 20 Pcs | Paket Hemat Mi Sedaap Laksa Pedas Kuah | Mie Instan Laksa Murah,0,73900,0,2,Shopee,Indonesia,Bundling
Wings,Sedaap Mie Kari Ayam 72 Gr,0,3410,0,350,Shopee,Indonesia,Satuan
Wings,Sedaap Mie Instan Ayam Bawang Bag 71 gr Carton (40 pcs),0,130100,0,0,Shopee,Indonesia,Grosir
Wings,40 Pcs Mie Instan Sedaap Goreng & Kuah Kartonan,0,127000,0,2,Shopee,Indonesia,Grosir
Wings,Mie Sedaap Mie Instan Korean Spicy Soup 77 gr x 15,0,49700,0,73,Shopee,Indonesia,Satuan
Wings,Sedaap cup mi instan Singapore spicy laksa 86g,0,7500,0,19,Shopee,Indonesia,Satuan
Wings,Mie Sedaap Ayam Bawang 1 Karton Isi 30 / 40 Mie Instan Original,0,107368,0,1,Shopee,Indonesia,Grosir
Wings,SEDAAP MIE SOTO,0,3500,0,237,Shopee,Indonesia,Satuan
Wings,1Dus Mie Sedaap Goreng/Soto/Ayam Bawang,0,136500,0,0,Shopee,Indonesia,Grosir
Wings,SEDAAP MIE GORENG AYAM BAKAR LIMAU 89G,0,3840,0,52,Shopee,Indonesia,Satuan
Wings,SEDAAP MIE GORENG BAG 5S,0,17800,0,37,Shopee,Indonesia,Satuan
Wings,Mie Sedaap Semua Rasa Bumbu Spicy Gurih,0,3400,0,10000,Shopee,Indonesia,Satuan
Wings,MIE SEDAAP CUP Goreng KOREAN SPICY CHICKEN 81GR,0,7500,0,7,Shopee,Indonesia,Satuan
Wings,Mie Sedaap Soto 2 x 75 gr,0,7200,0,8000,Shopee,Indonesia,Satuan
Wings,Mie Sedaap Mi Instan Kuah Soto 5 x 75 gr,0,16200,0,8000,Shopee,Indonesia,Bundling
Wings,Mie Sedap Goreng Kriuk 90gr Isi 5 Bungkus,0,18999,0,311,Shopee,Indonesia,Bundling
Wings,Sedaap Mie Instan Cup Goreng 81 gr x3,0,14500,0,10000,Shopee,Indonesia,Bundling
Wings,SEDAAP MIE KUAH RASA SOTO MADURA 82G,0,3410,0,28,Shopee,Indonesia,Satuan
Wings,[PCS] SEDAAP MIE INSTAN CUP SELECTION SINGAPORE SPICY LAKSA 86 GR,0,7500,0,2,Shopee,Indonesia,Satuan
Wings,Sedaap Baked Mie Instan Goreng Bag 87 gr Carton (24 pcs),0,70200,0,54,Shopee,Indonesia,Grosir
Wings,Mie Sedaap Goreng Kriuk 80gr Instan Sembako,0,3455,0,3000,Shopee,Indonesia,Satuan
Wings,Sedaap Mie Instan Korean Spicy Chicken Bag 87 gr x20 Free Pop Socket + Phone Strap,0,69400,0,63,Shopee,Indonesia,Satuan
Wings,MIE SedAAP GORENG INSTANT 5 pcs NOODLES MEE SEDAP MI INstan,0,22400,0,73,Shopee,Indonesia,Bundling
Wings,Sedaap Mie Instan Goreng Cup 4 x 85 gr,0,22100,0,4000,Shopee,Indonesia,Satuan
Wings,"( 1 Dus ) Mie Instan Sedaap Goreng / Soto / Kari / Ayam Bawang 90g - Rasa Gurih, Praktis, dan Higienis",0,147000,0,2,Shopee,Indonesia,Grosir
Wings,Mie Sedaap Selection Mie Instan Singapore Spicy Laksa 83 gr x 15,0,49700,0,74,Shopee,Indonesia,Satuan
Wings,SEDAAP MIE KOREAN CHEESE BULDAK 86GR,0,3600,0,313,Shopee,Indonesia,Satuan
Wings,( Paket Hemat 8 Pcs) Mie Sedap Cup 85 gr X 8 (Mix Varian Goreng 4 + Kuah 4),0,44999,0,11,Shopee,Indonesia,Satuan
Wings,Mie Sedaap Goreng 90gr x 20,0,69400,0,179,Shopee,Indonesia,Satuan
Wings,Mie Sedaap Soto 1 Dus Isi 40 Pcs | Rasa Gurih Soto Asli Indonesia | Best Seller Grosir Murah Laris,0,122400,0,27,Shopee,Indonesia,Grosir
Wings,Mie Instant Goreng Soto Kari Sedap sedaap,0,3600,0,43,Shopee,Indonesia,Satuan
Wings,NEW ITEM NOODLE MIE SEDAAP BASO BLEDUK CUP 75g,0,7500,0,43,Shopee,Indonesia,Satuan
Wings,Paket 5pcs Mie Sedaap Kuah Dan Goreng Kenyal,0,15800,0,196,Shopee,Indonesia,Bundling
Wings,Mie Sedaap Ayam Bawang Isi 20 Pcs | Paket Hemat Mie Instan Ayam Bawang | Mi Sedaap Original,0,72900,0,0,Shopee,Indonesia,Bundling
Wings,Sedaap Mie Instan Cup Kari Mercon 79 gr x12,0,52100,0,6000,Shopee,Indonesia,Bundling
Wings,SEDAAP MIE KOREAN SPICY CHICKEN CUP 81 GR,0,5340,0,120,Shopee,Indonesia,Satuan
Wings,Mie Sedaap Mie Instan Kari Ayam 72 gr x 15,0,49700,0,86,Shopee,Indonesia,Satuan
Wings,mie instan sedaap goreng 90g,0,3800,0,183,Shopee,Indonesia,Satuan
Wings,SEDAAP MIE RASA SOTO CUP 81 GR,0,5230,0,121,Shopee,Indonesia,Satuan
Wings,Sedaap Mie Instan Goreng Ala Chef Bag 93 gr x 2 pcs,0,7500,0,1000,Shopee,Indonesia,Bundling
Wings,SEDAAP MI KUAH RASA SOTO ISI 5BKS @75 GR KARTON,0,122780,0,3,Shopee,Indonesia,Grosir
Wings,Sedaap Mie Instan Ayam Bawang Bag 71 gr x40,0,121200,0,10000,Shopee,Indonesia,Grosir
Wings,Mie Sedaap Korean Spicy Chicken 87 gr x 5,0,18100,0,8000,Shopee,Indonesia,Bundling
Wings,SEDAAP MIE CUP RASA BASO BLEDUK 77G,0,5230,0,177,Shopee,Indonesia,Satuan
Wings,SEDAP MIE 85g 1dus murah dan Nikmat,0,160000,0,226,Shopee,Indonesia,Grosir
Wings,MIE SEDAAP Goreng Ayam Bakar Limau 5pcs x 89gr,0,23000,0,32,Shopee,Indonesia,Bundling
Wings,Mie Sedap Soto Isi 5 Rasa Autentik,0,14500,0,195,Shopee,Indonesia,Bundling
Wings,[1 Dus] Mie Sedaap Goreng 91 Gram 40 Pcs - Mie Sedaap Goreng Nikmat 1 Karton,0,126990,0,8,Shopee,Indonesia,Grosir
Wings,Mie Sedaap Mi goreng series,0,5000,0,20,Shopee,Indonesia,Satuan
Wings,Mie sedap SEDAAP all varian/mie sedap all varian goreng soto bakso koreo laksa spicy PROMO MURAH !!!,0,3342,0,1000,Shopee,Indonesia,Satuan
Wings,Sedaap Mie Instan Ayam Bawang Bag 71 gr x 2 pcs,0,7200,0,911,Shopee,Indonesia,Bundling
Wings,Mie Instan - Mie Sedaap Mix Variant Goreng dan Kuah - 1 dus - 40 Pcs (Best Seller),0,149100,0,26,Shopee,Indonesia,Grosir
Wings,SEDAAP MIE KOREAN SPICY CHICKEN 87GR,0,3600,0,561,Shopee,Indonesia,Satuan
Wings,1 karton Mie Sedaap Goreng 1 Karton Isi 40 Pcs Mie Instan Favorit,0,144500,0,6,Shopee,Indonesia,Grosir
Wings,"Mie Sedaap All Variant paket 3, 5 dan 10 pcs paket hemat",0,11640,0,0,Shopee,Indonesia,Bundling
Wings,SEDAAP Mie Goreng Isi 5 Pack,0,22600,0,215,Shopee,Indonesia,Bundling
Wings,Sedaap Mie Instan Soto Ayam 5 x 75g Kuah Gurih,0,16350,0,417,Shopee,Indonesia,Bundling
Wings,Sedaap Mie Instan Goreng Salero Padang Bag 86 gr x40,0,128200,0,1000,Shopee,Indonesia,Grosir
Wings,SEDAAP MIE SOTO 5X75G,0,13000,0,133,Shopee,Indonesia,Satuan
Wings,Sedap MIE KOREA (Isi 10 Bks),0,34450,0,15,Shopee,Indonesia,Bundling
Wings,Mie Sedaap All varian 1 Dus Mix Rasa isi 40 Pcs,0,143000,0,899,Shopee,Indonesia,Grosir
Wings,Sedaap Mie Instan Ayam Bawang Bag 11 x 70 gr,0,36800,0,72,Shopee,Indonesia,Satuan
Wings,Mie Sedaap Mie Instan Cup Baso Bleduk 5 x 77 gr,0,26300,0,3000,Shopee,Indonesia,Bundling
Wings,Mie Sedaap Mie Instant Soto Madura 82gr x 15,0,49700,0,43,Shopee,Indonesia,Satuan
Wings,Sedaap Mie Instan Korean Spicy Soup Bag 77 gr Carton (40 pcs),0,120700,0,202,Shopee,Indonesia,Grosir
Wings,Sedaap Mie Instan Goreng Paket Box 5 Pcs,0,26000,0,25,Shopee,Indonesia,Grosir
Wings,Sedaap Mie Instan Kari Kental Special Bag 75 gr Carton (40 pcs),0,120700,0,471,Shopee,Indonesia,Grosir
Wings,Sedaap Mie Instan Singapore Spicy Laksa Bag 83 gr x40,0,120700,0,10000,Shopee,Indonesia,Grosir
Wings,Sedaap Mie Instan Soto Bag 75 gr x40,0,120700,0,10000,Shopee,Indonesia,Grosir
Wings,MIE SEDAAP GORENG DUS ISI 40 PC,0,149900,0,12,Shopee,Indonesia,Grosir
Wings,Sedaap Mie Goreng Isi 5Bks @ 90g Taburan Bawang Goreng,0,15720,0,163,Shopee,Indonesia,Bundling
Wings,Mie Sedaap All Variant Goreng & Kuah Enak,0,5200,0,406,Shopee,Indonesia,Satuan
Wings,Sedaap Mie Instan Cup Ayam Nampool 75 gr x12,0,52100,0,1000,Shopee,Indonesia,Bundling
Wings,Mie Sedaap Kuah,0,3400,0,10000,Shopee,Indonesia,Satuan
Wings,SEDAAP MIE GORENG 90GR,0,3000,0,58,Shopee,Indonesia,Satuan
Wings,SedAAP Mie Soto 5pcs x 75gr,0,22000,0,56,Shopee,Indonesia,Bundling
Wings,Sedaap Mie Instan Goreng Ayam Krispi 88 gr x 4,0,14600,0,807,Shopee,Indonesia,Satuan
Wings,[ 1 dus ] mie sedaap cup kuah isi 12 cup,0,56250,0,10000,Shopee,Indonesia,Grosir
Wings,SEDAAP Mie Kari Ayam 5pcs x 72gr,0,22000,0,45,Shopee,Indonesia,Bundling
Wings,MIE SEDAAP Cup Mie Goreng 3pcs x 81gr,0,21900,0,49,Shopee,Indonesia,Bundling
Wings,[DIJUAL PER DUS ISI 40] Mie Sedaap Sedap Kuah dan Goreng All Varian / Mie Instan,0,129500,0,1000,Shopee,Indonesia,Grosir
Wings,Mie Sedaap Salero Padang 86g x 5 – Mie Goreng Rasa Rendang Asli! | Sembako Express,0,21600,0,19,Shopee,Indonesia,Bundling
Wings,SEDAAP MIE INSTANT KUAH/GORENG AYAM BAWANG/BAKSO SPESIAL/SOTO/SINGAPORE SIPCY LAKSA/WHITE CURRY MIE GORENG SEDAP / MIE SEDAAP,0,3500,0,532,Shopee,Indonesia,Satuan
Wings,Mie Sedaap Cup All Varian 1 dus,0,60000,0,470,Shopee,Indonesia,Grosir
Wings,(1 DUS) MIE SEDAP INSTAN isi 40pcs (All Varian),0,137000,0,2,Shopee,Indonesia,Grosir
Wings,NKSB - Mie Sedaap Instan Goreng Bag isi 5 x 90g,0,18500,0,0,Shopee,Indonesia,Bundling
Wings,Mie Sedaap All Varian Rasa Lezat Halal,0,3500,0,537,Shopee,Indonesia,Satuan
Wings,Mie Sedaap Instan Kuah Rasa Soto 7 x 75 gr,0,24000,0,163,Shopee,Indonesia,Satuan
Wings,Mie Sedaap Mie Instan Cup Korean Spicy Chicken 5 x 81 gr,0,27500,0,840,Shopee,Indonesia,Bundling
Wings,SEDAAP MIE KUAH RASA SOTO ISI 5 BUNGKUS X75 GR,0,12990,0,1000,Shopee,Indonesia,Bundling
Wings,Mie Sedaap Cup Instant 12 Pcs Per Karton,0,62800,0,48,Shopee,Indonesia,Grosir
Wings,Sedaap Mie Instan Cup Ayam Nampool 75 gr x 5 pcs,0,26300,0,67,Shopee,Indonesia,Bundling
Wings,Sedaap Mie Instan Goreng Ala Chef Bag 93 gr x 5 pcs,0,16300,0,3000,Shopee,Indonesia,Bundling
Wings,MIE SEDAAP ALL VARIAN / MIE SEDAAP ALL VARIAN GORENG SOTO MADURA KOREAN SPICY CHICKEN SOTO PEDAS,0,3594,0,4000,Shopee,Indonesia,Satuan
Wings,Sedaap Mie Instan Ayam Bakar Limau Bag 89 gr x 3 pcs,0,11000,0,498,Shopee,Indonesia,Bundling
Wings,MIE SEDAAP Cup Rasa Soto 2pcs x 81gr,0,14200,0,51,Shopee,Indonesia,Bundling
Wings,Mie Sedaap paket isi 5 pcs,0,20000,0,211,Shopee,Indonesia,Bundling
Wings,SEDAP MIE LAKSA (isi 10 bks),0,33100,0,102,Shopee,Indonesia,Bundling
Wings,Sedaap Mie Instant isi 5 Goreng Soto,0,20900,0,246,Shopee,Indonesia,Bundling
Wings,SEDAAP Mi Instan Goreng/Soto Bag isi 5 75gr,0,18300,0,343,Shopee,Indonesia,Bundling
Wings,Sedaap Mie Instant Rasa Kaldu Ayam Spesial 1 Dus isi 40 Pcs,0,121648,0,121,Shopee,Indonesia,Grosir
Wings,Sedaap Mie Instan Korean Spicy Chicken Bag 87 gr x40,0,128200,0,10000,Shopee,Indonesia,Grosir
Wings,Mie Goreng Sedaap Isi 20 Pcs I Sedap Goreng Setengah Dus,0,65000,0,4,Shopee,Indonesia,Bundling
Wings,Mie Instan Sedaap Goreng 1 Dus isi 40 Pcs,0,144900,0,0,Shopee,Indonesia,Grosir
Wings,1 dus mie sedaap cup semua rasa isi 12 cup PROMO,0,65000,0,4000,Shopee,Indonesia,Grosir
Wings,(1 DUS ISI 24 PCS) MIE SEDAAP BAKED GORENG / SOTO,0,65500,0,107,Shopee,Indonesia,Grosir
Wings,Grosir Mie Sedaap 1 Dus (Isi 40 pcs) - Mix Varian Rasa Terlengkap,0,140400,0,561,Shopee,Indonesia,Grosir
Wings,Sedaap Mie Instan Bakso Spesial Bag 77 gr Carton (40 pcs),0,120900,0,358,Shopee,Indonesia,Grosir
Wings,SEDAAP Mie Instan Cup Ayam Nampool 75gr x 10,0,50900,0,556,Shopee,Indonesia,Bundling
Wings,Sedaap Mie Instan Rasa Soto 5x75 Gram,0,21900,0,6000,Shopee,Indonesia,Satuan
Wings,Mie Sedaap Baked Goreng (1 dus isi 24 pcs),0,35000,0,2,Shopee,Indonesia,Grosir
Wings,Sedaap Mie Instan Soto Banded 5 x 75 gr,0,17100,0,242,Shopee,Indonesia,Bundling
Wings,Sedaap Mie Instan Ayam Spesial 69 gr x40,0,120900,0,3000,Shopee,Indonesia,Grosir
Wings,Mie Sedaap Cup All Varian Rasa,0,7250,0,10,Shopee,Indonesia,Satuan
Wings,Sedaap Mie Instan Goreng & Kuah,0,4000,0,499,Shopee,Indonesia,Satuan
Wings,MIE SEDAAP ALL VARIAN 90 GR,0,3999,0,384,Shopee,Indonesia,Satuan
Wings,MIE SEDAP GORENG SEDAP KUAH ALL VARIANT 1 DUS BISA CAMPUR (40PCS) / SEDAP GORENG / SEDAP KOREAN CHEESE / SEDAP SOTO / SEDAP KARE / SEDAP LAKSA / SEDAP KOREAN SPICY / MIE SEDAAP,0,137500,0,1000,Shopee,Indonesia,Grosir
Wings,"Sedaap Mie Instan Goreng 90gr [Karton], mie sedaap 1 kardus",0,137900,0,2,Shopee,Indonesia,Grosir
Wings,Mie Sedaap Mie Instan Goreng 5 x 75 gr,0,19600,0,2,Shopee,Indonesia,Bundling
Wings,Sedaap Mie Instan Kari Ayam Bag 72 gr Carton (40 pcs),0,129600,0,54,Shopee,Indonesia,Grosir
Wings,SEDAAP MIE KUAH RASA SOTO ISI 5 BUNGKUS X75 GR,0,12790,0,991,Shopee,Indonesia,Bundling
Wings,Mie Sedaap Goreng/Kuah PROMO Lebih Hemat,0,19300,0,83,Shopee,Indonesia,Satuan
Wings,Mie Sedaap Kuah & Goreng Semua Rasa Kenyal,0,3620,0,1000,Shopee,Indonesia,Satuan
Wings,Mie sedaap instan mi goreng 1 dus isi 12 cup @81g,0,77000,0,3,Shopee,Indonesia,Grosir
Wings,Mie Sedaap Goreng Mi Goreng Instant Isi 5 Pcs x 90gr Paket 4 Pack,0,80000,0,1000,Shopee,Indonesia,Bundling
Wings,[1 Dus] Mie Sedaap Cup Kuah 77g Kenyal Praktis,0,56900,0,893,Shopee,Indonesia,Grosir
Wings,Mie Sedaap Goreng Instan 91gr 1 Pack Isi 5 Pcs Rasa Gurih,0,18599,0,28,Shopee,Indonesia,Bundling
Wings,Mie Sedaap All varian 1 dus Bisa Mix / Campur 40 Pcs,0,140000,0,218,Shopee,Indonesia,Grosir
Wings,Mie Sedaap Isi 5 Pcs Goreng Soto,0,19400,0,617,Shopee,Indonesia,Bundling
Wings,Mie Sedaap Korean Cheese Buldak 86g Rasa Enak,0,3900,0,1000,Shopee,Indonesia,Satuan
Wings,1 dus mie sedaap 75g x 40 bungkus,0,137000,0,598,Shopee,Indonesia,Grosir
Wings,[Mie] Sedaap Mie SELECTION All Varian | Aneka Pilihan Rasa,0,3875,0,16,Shopee,Indonesia,Satuan
Wings,Sedaap Mie Instan Cup Kari Mercon 79 gr x 5 pcs,0,26300,0,98,Shopee,Indonesia,Bundling
Wings,MIE SEDAAP KUAH ALL VARIAN 1 DUS (40PCS),0,140630,0,87,Shopee,Indonesia,Grosir
Wings,Mie Sedaap Kari Ayam 1 Dus Isi 40 Bungkus,0,142000,0,91,Shopee,Indonesia,Grosir
Wings,mie sedaap ayam spesial 1 dus isi 40 pcs,0,114500,0,1000,Shopee,Indonesia,Grosir
Wings,Mie Sedaap Kuah Rasa Soto 75 gr dan Rasa Ayam Bawang ( 1 Dus Isi 40 Pcs ),0,142900,0,0,Shopee,Indonesia,Grosir
Wings,Sedaap Mie instan soto 5 x 75 g,0,19300,0,3,Shopee,Indonesia,Bundling
Wings,Sedaap Mie Instan Kari Ayam(5Pcs) 72gr 1Dus isi 40pcs/Kardus GROSIR & ECER,0,16050,0,0,Shopee,Indonesia,Grosir
Wings,"Mie Instan Sedaap Soto dan Goreng 5 x 75 gr - Kenyal, Gurih, Praktis",0,17000,0,25,Shopee,Indonesia,Bundling
Wings,Paket 6 Pcs Mie Sedaap Cup Goreng 85 Gr All Varian,0,36000,0,553,Shopee,Indonesia,Satuan
Wings,Sedaap Mie Instan Goreng Bag 90 gr Box isi 40,0,150000,0,4,Shopee,Indonesia,Grosir
Wings,"Mie Sedaap Baked mi instan tanpa di goreng 87g / 76g, rasa mi goreng / soto",0,4000,0,6,Shopee,Indonesia,Satuan
Wings,Mie Sedaap Soto Isi 40 Pcs Mie Instan Kuah Karton,0,133000,0,3,Shopee,Indonesia,Grosir
Wings,1 Dus Mie Sedaap Isi 5,0,100100,0,72,Shopee,Indonesia,Grosir
Wings,Mie Sedaap Cup Instant Rasa Ayam Jerit 1 KARTON ISI 12,0,70500,0,4,Shopee,Indonesia,Grosir
Wings,SEDAAP MIE RASA SOTO 75GR,0,3000,0,30,Shopee,Indonesia,Satuan
Wings,Mie Sedaap Goreng 1 dus,0,148000,0,266,Shopee,Indonesia,Grosir
Wings,Mie Sedaap Goreng Mie Instan 90 gram [ 1 Dus Isi 40 Pcs ],0,141000,0,11,Shopee,Indonesia,Grosir
Wings,Mie Sedaap All Variant Rasa Pilihan Goreng Kuah,0,3999,0,312,Shopee,Indonesia,Satuan
Wings,Mie Sedaap All Varian Rasa Enak Murah,0,3600,0,9000,Shopee,Indonesia,Satuan
Wings,SEDAAP MIE GORENG ISI 5 BUNGKUS X 90 GR,0,17110,0,2000,Shopee,Indonesia,Bundling
Wings,Mie Sedaap Instan1 DUS [40pcs/dus] All Varian,0,130550,0,494,Shopee,Indonesia,Grosir
Wings,Mie Sedaap Instan Rasa Aneka Pedas Spesial,0,3200,0,2000,Shopee,Indonesia,Satuan
Wings,Sedap mie paket Begadang 10pc/nikmat dan gurih,0,40000,0,18,Shopee,Indonesia,Satuan
Wings,Mie Sedap 1 DUS-40pcs-Murah nikmat+gurih,0,160000,0,211,Shopee,Indonesia,Grosir
Wings,Sedaap Mie Instan Goreng 5x90g Kenyal Dan Bawang Goreng,0,20000,0,85,Shopee,Indonesia,Satuan
Wings,MIE SEDAAP CUP ALL VARIANS,0,7500,0,31,Shopee,Indonesia,Satuan
Wings,Sedaap Mie Instan Korean Spicy Chicken Bag 87 gr Carton (40 pcs),0,136100,0,5,Shopee,Indonesia,Grosir
Wings,SEDAAP MIE KOREAN SPICY SOUP BAG 77GR,0,3000,0,19,Shopee,Indonesia,Satuan
Wings,Mie Sedaap Mi Instant Kuah Rasa Ayam Bawang Per Pack Isi 5,0,32000,0,5,Shopee,Indonesia,Bundling
Wings,SEDAAP MIE RASA AYAM SPC 69GR,0,2900,0,7,Shopee,Indonesia,Satuan
Wings,SEDAAP Mie Instan Singapore Spicy Laksa Isi 5,0,21350,0,2,Shopee,Indonesia,Bundling
Wings,Mie Sedaap Cup Selection Korean Spicy Chicken [85g/12cup],0,72000,0,0,Shopee,Indonesia,Satuan
Wings,Mie Sedaap Rasa Soto 1 Dus 40pcs,0,128400,0,0,Shopee,Indonesia,Grosir
Wings,Mie Sedap Mie Goreng 5 Pcs Isi 5 Bungkus,0,17000,0,35,Shopee,Indonesia,Bundling
Wings,Mie SedAAP Mix / Campur 1 Dus Isi 40 Pcs,0,139000,0,136,Shopee,Indonesia,Grosir
Wings,MIE SEDAAP AYAM BAWANG ISI 5 @71gram,0,18999,0,9,Shopee,Indonesia,Bundling
Wings,SEDAAP Mie Instan Goreng & Kuah 1 karton isi 40 pcs - All Varian,131800,99,131701,500,Shopee,Indonesia,Grosir
Wings,mie sedaap kuah all varian 1dus isi 40pcs,0,148000,0,3,Shopee,Indonesia,Grosir
Wings,Mie Sedaap Goreng Korean Spicy 87g,0,3900,0,2000,Shopee,Indonesia,Satuan
Wings,Mie Sedaap Cup 1 Dus Isi 12 Varian Rasa,0,69859,0,758,Shopee,Indonesia,Grosir
Wings,"Mie Sedaap Kuah Ayam Bawang, Bakso, Soto, sedap goreng, korean spicy, singapore spicy laksa Sedap 5pcs/Pack",0,21428,0,392,Shopee,Indonesia,Bundling
Wings,SEDAAP MIE AYAM BAWANG ISI 5 71 GR,0,13290,0,7,Shopee,Indonesia,Bundling
Wings,Sedap Mie Instant Goreng Kenyal Isi 5x90gr,0,25500,0,245,Shopee,Indonesia,Bundling
Wings,Mie Sedap All Varian Rasa Isi 40 Pcs,0,152000,0,6,Shopee,Indonesia,Grosir
Wings,Sedaap Mie Instan Goreng Bag x 5 Pcs,0,17500,0,65,Shopee,Indonesia,Bundling
Wings,SEDAAP MIE KUAH RASA SOTO ISI 5 BUNGKUS X75 GR,0,12490,0,202,Shopee,Indonesia,Bundling
Wings,Mie Sedaap Ayam Bawang Mie Instan 70 gram [ 1 Dus Isi 40 Pcs ],0,133000,0,8,Shopee,Indonesia,Grosir
Wings,MIE SEDAAP CUP 3 RASA GORENG/ RAWIT BINGIT/ SPICY CHICKEN,0,9000,0,370,Shopee,Indonesia,Satuan
Wings,Sedaap Mie Instant Goreng & Rebus 5 x 90 g m,0,23500,0,49,Shopee,Indonesia,Bundling
Wings,Mie Sedaap Korean cheese Buldak,0,3700,0,30,Shopee,Indonesia,Satuan
Wings,Mie Sedaap rasa Soto / ayam bawang mie instan kuah [1 dus isi 40 pc ],143499,1000,142499,2000,Shopee,Indonesia,Grosir
Wings,Mie Sedaap Mie Instan Mi Goreng 90g ( 1 dus isi 40 bungkus ),0,147500,0,412,Shopee,Indonesia,Grosir
Wings,SEDAAP MIE MIE INSTANT SOTO 76g,0,3100,0,4,Shopee,Indonesia,Satuan
Wings,Mie Instan Sedaap Goreng Karton Praktis Higienis,0,130000,0,3000,Shopee,Indonesia,Grosir
Wings,SEDAAP MIE AYAM SPESIAL 69 GR,0,3080,0,265,Shopee,Indonesia,Satuan
Wings,Mie Sedaap Rasa Soto 76Gr Original Kuah Lezat Koya Gurih,0,7701,0,6,Shopee,Indonesia,Satuan
Wings,Sedaap Mie Instan Goreng Bag 90 gr Box isi 40,0,149000,0,0,Shopee,Indonesia,Grosir
Wings,10 Bungkus Mie Sedaap Goreng 90 gram - Paket Hemat ED Panjang,39350,200,39150,13,Shopee,Indonesia,Satuan
Wings,Mie Sedaap Mi Instant Rasa Mi Goreng Per Pack Isi 5,0,32000,0,1,Shopee,Indonesia,Bundling
Wings,Sedaap Mie Cup Singapore Spicy Laksa 12 Pcs x 86 gr,0,67800,0,10,Shopee,Indonesia,Bundling
Wings,Mie sedaap Kuah isi 40pcs 1dus,0,125000,0,1000,Shopee,Indonesia,Grosir
Wings,[Mie] Sedaap Mie All Varian | Aneka Pilihan Rasa,0,3950,0,17,Shopee,Indonesia,Satuan
Wings,Mie Instan Sedaap Goreng 1Dus isi 40pcs,0,129500,0,2,Shopee,Indonesia,Grosir
Wings,SEDAAP MIE INSTAN GORENG 90 GR,0,4620,0,2000,Shopee,Indonesia,Satuan
Wings,Mie Sedaap Goreng 40pcs per Karton expayet bulan 12 2026,0,137850,0,2000,Shopee,Indonesia,Grosir
Wings,Sedaap Mie Korean Spicy Soup Bag 77gr Kenyal Pedas,0,4247,0,125,Shopee,Indonesia,Satuan
Wings,MIE SEDAAP KUAH ALL VARIAN 1 DUS (40PCS),0,140900,0,42,Shopee,Indonesia,Grosir
Wings,Mie Sedaap Soto Mie Instan 75 gram [ 1 Dus Isi 40 Pcs ],0,133000,0,4,Shopee,Indonesia,Grosir
Wings,(Isi 40 Pcs) Mie Sedaap Rasa Soto Mie Instan 75gr 1 Dus,0,142700,0,2,Shopee,Indonesia,Grosir
Wings,"MIE SEDAAP Cup - Korean Spicy, Soto, Kari, Ayam Nampol, Goreng",0,5700,0,99,Shopee,Indonesia,Satuan
Wings,Mie Instan Sedaap Kuah & Goreng Ecer,0,3850,0,578,Shopee,Indonesia,Satuan
Wings,Mie Sedaap Rasa Soto ( 1 Dus Isi 40 Bungkus ),0,140000,0,1,Shopee,Indonesia,Grosir
Wings,[PAKET 10 PCS] Mie Sedaap Kuah All Varian - Pilih Rasa Favoritmu!,0,36999,0,692,Shopee,Indonesia,Bundling
Wings,Sedaap Mie Instan Goreng 1 Dus 90 Gr X 40 Bks Produk Original ED Panjang,0,140299,0,57,Shopee,Indonesia,Grosir
Wings,MIE SEDAAP GORENG INSTAN 91gr KARTON,0,135000,0,6000,Shopee,Indonesia,Grosir
Wings,"Sedaap Mie Instan Goreng 90 gr x 40 - Bawang Goreng Asli, Tekstur Kenyal, Rasa Komplit",0,125000,0,1,Shopee,Indonesia,Grosir
Wings,Mie Sedap 1 Dus Isi 40 Mix Murah Grosir,0,149999,0,78,Shopee,Indonesia,Grosir
Wings,Mie Sedaap Goreng ( 1 Dus Isi 40 Bungkus ),0,140500,0,0,Shopee,Indonesia,Grosir
Wings,1 Dus Mie Sedaap Cup Goreng - Korean Spicy Chicken Isi 12 Cup,0,68000,0,616,Shopee,Indonesia,Grosir
Wings,[GROSIR] Mie Sedaap Goreng 1 Dus Isi 40 pcs Mie Instan Harga Murah & Original,0,141000,0,597,Shopee,Indonesia,Grosir
Wings,SEDAAP MIE MIE INSTANT SOTO 5x76g,0,14900,0,169,Shopee,Indonesia,Satuan
Wings,I'M Soul Mie Sedaap Kari Spesial (1 dus 40 pcs),0,140000,0,9,Shopee,Indonesia,Grosir
Wings,Mie sedaap korean spicy chicken,0,5500,0,23,Shopee,Indonesia,Satuan
Wings,SEDAAP MIE GORENG 90 GR KARTON,0,106990,0,11,Shopee,Indonesia,Grosir
Wings,5 Pcs Mie Sedaap Goreng 91gr Rasa Gurih,0,23000,0,125,Shopee,Indonesia,Bundling
Wings,Mie Sedaap Instan perDUS isi 40pcs,0,142000,0,3,Shopee,Indonesia,Grosir
Wings,Mie Sedaap Selection Korean Spicy Chicken 87g Pedas Gilaaa,0,5000,0,170,Shopee,Indonesia,Satuan
Wings,Sedaap Mie Instan Mi Goreng,0,4010,0,9,Shopee,Indonesia,Satuan
Wings,Mie Sedaap Soto 1 Dus 40pc (5pcx8pack),0,129900,0,15,Shopee,Indonesia,Grosir
Wings,Sedaap Mie Goreng 90 Gr,0,3200,0,2000,Shopee,Indonesia,Satuan
Wings,SEDAAP MI GORENG ISI 5BKS @ 90G,0,16680,0,1000,Shopee,Indonesia,Bundling
Wings,Sedaap Mie Instant,0,3300,0,348,Shopee,Indonesia,Satuan
Wings,SEDAAP MIE KUAH RASA SOTO ISI 5 BUNGKUS X75 GR,0,13690,0,456,Shopee,Indonesia,Bundling
Wings,SEDAAP MIE GORENG ISI 5 BUNGKUS X 90 GR,0,16680,0,1000,Shopee,Indonesia,Bundling
Wings,MAKANAN MI INSTAN MIE SEDAAP SEDAP RAWIT BINGIT RASA AYAM JERIT PACK 5'S X 77GR,0,24250,0,2,Shopee,Indonesia,Bundling
Wings,SEDAAP MIE GORENG SALERO PADANG 86 GR,0,4376,0,157,Shopee,Indonesia,Satuan
Wings,Mie Sedaap All Varian isi 40 Pcs / Dus,0,136700,0,153,Shopee,Indonesia,Grosir
Wings,Makanan Mi Instan Mie SedAAP Sedap Rawit Bingit Rasa Ayam Jerit Per Karton Isi 40's X 77gr,0,152000,0,5,Shopee,Indonesia,Grosir
Wings,1 dus (40 bungkus) mie sedaap kuah rasa rawit bingit,0,125500,0,3,Shopee,Indonesia,Grosir
Wings,SEDAP GORENG 1 dus [KARTON] Mie Goreng Sedaap 90 gram,0,148500,0,946,Shopee,Indonesia,Grosir
Wings,Mie Sedaap Instant Rasa Soto (1 Dus/40 Pcs),0,139000,0,7,Shopee,Indonesia,Grosir
Wings,MAKANAN MI INSTAN MIE SEDAAP SEDAP GORENG PACK 5'S X 90GR,0,24250,0,13,Shopee,Indonesia,Bundling
Wings,sedap mi goreng 90 gr,0,3800,0,30,Shopee,Indonesia,Satuan
Wings,Sedaap Mie Instan Goreng 90gr Isi 40 1 karton,0,148900,0,2,Shopee,Indonesia,Grosir
Wings,( Termurah ) Mie Sedaap Cup,0,7000,0,11,Shopee,Indonesia,Satuan
Wings,SEDAAP MIE MIE INSTANT GORENG BAKED 87g,0,2800,0,39,Shopee,Indonesia,Satuan
Wings,Mie Sedaap Mie Instan / Mie Sedap goreng / soto / korean / kari / laksa / ayam bawang,0,4400,0,181,Shopee,Indonesia,Satuan
Wings,Sedaap Mie Cup Rasa Baso Bleduk,0,6690,0,14,Shopee,Indonesia,Satuan
Wings,(FANIA GROSIR) [1 DOS] Mie Sedaap Goreng All Variant (1dus Isi 40pcs) | Mie Instant |,0,143000,0,10,Shopee,Indonesia,Grosir
Wings,SEDAAP MIE KUAH RASA SOTO ISI 5 BUNGKUS X75 GR,0,13290,0,356,Shopee,Indonesia,Bundling
Wings,Mie Sedaap Dus Isi 40 Bungkus All Varian,0,151550,0,32,Shopee,Indonesia,Grosir
Wings,Mie Sedaap Cup Goreng ( 1 Kardus isi 12pc),0,66000,0,0,Shopee,Indonesia,Grosir
Wings,Mie Sedaap Soto Instan 75gr 1 Pack Isi 5 Pcs,0,17800,0,2,Shopee,Indonesia,Bundling
Wings,Mie Sedaap Goreng 1 Dus @40pcs,0,149999,0,0,Shopee,Indonesia,Grosir
Wings,Mie Sedaap Singapore Spicy Laksa,0,4010,0,62,Shopee,Indonesia,Satuan
Wings,MIE SEDAAP CUP 77 GR ALL VARIAN ( 1 DUS ),0,70000,0,10,Shopee,Indonesia,Grosir
Wings,Makanan Mi Instan Mie SedAAP Sedap Cup Baso SpESial Per Karton Isi 12's X 77gr,0,76500,0,1,Shopee,Indonesia,Grosir
Wings,MAKANAN MI INSTAN MIE SEDAAP SEDAP RAWIT BINGIT BASO BLEDUK CUP PACK 6'S X 77GR,0,40500,0,0,Shopee,Indonesia,Bundling
Wings,Sedaap Mie Instan Soto Isi 5 Bag 75 gr,0,20000,0,2,Shopee,Indonesia,Bundling
Wings,Sedap Mie Instant Soto Kenyal 5x75gr,0,24990,0,141,Shopee,Indonesia,Satuan
Wings,SedAAP MIE Ayam Bawang 70 GR,0,4384,0,433,Shopee,Indonesia,Satuan
Wings,Mie Sedaap Soto 1 Karton Isi 40pcs Khas Soto,0,126850,0,100,Shopee,Indonesia,Grosir
Wings,mie sedaap 1 dus ( bisa mix ),0,159000,0,136,Shopee,Indonesia,Grosir
Wings,MIE SEDAP GORENG 90 GR / 1 DUS ISI 40,0,148372,0,61,Shopee,Indonesia,Grosir
Wings,mie sedaap goreng 1 dus,0,125840,0,1,Shopee,Indonesia,Grosir
Wings,Mie Sedaap Instant Singapore Spicy Laksa (1 Dus/40 Pcs),0,139000,0,27,Shopee,Indonesia,Grosir
Wings,Paramart - Mie Sedaap Goreng 1 Dus Karton [Isi 40pcs] Mie Instan,0,143199,0,108,Shopee,Indonesia,Grosir
Wings,Mie Sedaap Instant Goreng (1 Dus/40 Pcs),0,147000,0,9,Shopee,Indonesia,Grosir
Wings,Mie Sedaap Mie Instan / Mie Sedap 1 dus goreng / soto / laksa / chef Devina / korean / Mix rasa,0,138000,0,12,Shopee,Indonesia,Grosir
Wings,Sedaap Mie Instan Rasa Soto Isi 5 Pck,0,14900,0,383,Shopee,Indonesia,Bundling
Wings,Mie Sedaap Goreng 1 dus | Promo,0,120000,0,1,Shopee,Indonesia,Grosir
Wings,Mie Sedaap Goreng Bundling Isi 5 1 Dus,0,138000,0,42,Shopee,Indonesia,Grosir
Wings,Sedaap Mie Instan 1 Dus isi 40 pcs - Goreng & Kuah Semua Varian,0,147000,0,53,Shopee,Indonesia,Grosir
Wings,Mie Sedaap Rasa Soto 1 Dus 40 Pcs 75gr,0,125000,0,3,Shopee,Indonesia,Grosir
Wings,Mie Mi Goreng Soto Ayam Bawang Sedaap Sedap Bag isi 5 bungkus,0,19800,0,651,Shopee,Indonesia,Bundling
Wings,Mie Sedap Goreng 90 Gram 1Ds isi 40 Pcs Harga Per Dus Lebih Murah,0,143200,0,853,Shopee,Indonesia,Grosir
Wings,MAKANAN MIE INSTAN MI SEDAAP SEDAP RASA SOTO CUP PACK 6'S X 77GR,0,40500,0,0,Shopee,Indonesia,Bundling
Wings,Mie Instan Sedaap Kuah Soto 1Pack Isi 5 Bungkus X 8Pack ( SATU DOS),0,165000,0,33,Shopee,Indonesia,Bundling
Wings,Mie Sedaap Semua Varian 1 Dus Bisa Di Campur isi 40Pcs Free Box dan Bubble Warp,0,128500,0,123,Shopee,Indonesia,Grosir
Wings,SEDAAP MIE KUAH AYAM BAWANG 70g ISI 5,0,19300,0,28,Shopee,Indonesia,Bundling
Wings,SEDAAP MIE GORENG 1kardus/Mie SEDAAP GORENG/Mie instan SEDAAP GORENG,0,146800,0,15,Shopee,Indonesia,Grosir
Wings,Mie Sedaap Goreng Isi 5 Bungkus / Mie Instan Goreng,0,19000,0,55,Shopee,Indonesia,Bundling
Wings,1 dus (40 bungkus) Mie sedaap goreng,0,130000,0,0,Shopee,Indonesia,Grosir
Wings,Makanan Mi Instan Mie SedAAP Sedap Cup Soto Per Karton Isi 12's X 77gr,0,74750,0,2,Shopee,Indonesia,Grosir
Wings,SEDAAP MI GORENG ISI 5BKS @ 90 GR KARTON,0,131920,0,2,Shopee,Indonesia,Grosir
Wings,Mie Sedap Goreng 1 Kardus (Isi 40 Pcs) – Mie Instan Goreng Sedaap,0,161513,0,25,Shopee,Indonesia,Grosir
Wings,Mie Sedaap goreng harga per karton isi 40,0,140000,0,4,Shopee,Indonesia,Grosir
Wings,"Mie Instan Sedaap Goreng 90g - Rasa Gurih, Praktis, dan Higienis",0,132999,0,5,Shopee,Indonesia,Satuan
Wings,SATU DUS ATAU 1 KARTON MIE SEDAAP MIX RANDOM DAN REQUEST 40 PCS,0,171500,0,146,Shopee,Indonesia,Grosir
Wings,MIE SEDAAP GORENG 1karton isi 40 pcs,0,125500,0,3,Shopee,Indonesia,Grosir
Wings,POP MIE INSTANT CUP / MIE SEDAAP CUP,0,6900,0,33,Shopee,Indonesia,Satuan
Wings,(DUS) CUP MIE SEDAAP ISI 12 N1858,0,75624,0,2,Shopee,Indonesia,Bundling
Wings,[1 Dus] Sedaap Mie Instan Goreng Isi 5 x8 Pack - Rumeva Store,0,164999,0,3,Shopee,Indonesia,Grosir
Wings,40 Pcs Mie Sedaap goreng Instan Karton (sekardus),0,130000,0,0,Shopee,Indonesia,Grosir
Wings,SEDAAP MIE KOREAN CHEESE BULDAK 86GR,0,3200,0,28,Shopee,Indonesia,Satuan
Wings,Sedaap Mie Instant Rasa Soto 5x76g,0,14900,0,268,Shopee,Indonesia,Satuan
Wings,SEDAAP MIE BASO SPECIAL 77 GR,0,4231,0,373,Shopee,Indonesia,Satuan
Wings,Mie sedap goreng,0,21800,0,19,Shopee,Indonesia,Satuan
Wings,Mie sedaap goreng,0,4500,0,843,Shopee,Indonesia,Satuan
Wings,Mie Sedaap Goreng 1 Dus (Isi 40 Pcs),0,133000,0,32,Shopee,Indonesia,Grosir
Wings,MIE SEDAAP GORENG,0,3800,0,47,Shopee,Indonesia,Satuan
Wings,Mie Sedap Goreng 1 Karton Termurah,0,140000,0,34,Shopee,Indonesia,Grosir
Wings,Mie Sedaap Goreng Original - 1 Dus/ 40 Pcs,0,150000,0,28,Shopee,Indonesia,Grosir
Wings,"Mie Sedaap cup rasa soto karton isi 12 cups, mie instant",0,65000,0,7,Shopee,Indonesia,Grosir
Wings,Sedaap Mie Instan Soto Bag 75 gr isi 40 (Kardus) mie rasa soto mie kuah,0,139900,0,13,Shopee,Indonesia,Grosir
Wings,Mie Sedaap Instant Rasa Soto,0,127999,0,107,Shopee,Indonesia,Satuan
Wings,mie sedaap,0,5490,0,85,Shopee,Indonesia,Satuan
Wings,SEDAAP MI GORENG ISI 5BKS @ 90G,0,17110,0,466,Shopee,Indonesia,Bundling
Wings,UKURAN KHUSUS | MIE SEDAAP | 1 DUS | ISI 40 PCS | BISA MIX | ALL VARIAN,0,77000,0,3,Shopee,Indonesia,Grosir
Wings,Sedaap Mie Instant Singapore Spicy Laksa 83 Gram,0,5000,0,18,Shopee,Indonesia,Satuan
Wings,Mie Sedaap Goreng Ayam Krispi,0,4130,0,19,Shopee,Indonesia,Satuan
Wings,Sedaap Mie Soto Madura 82g Otentik Nikmat,5500,1000,4500,8,Shopee,Indonesia,Satuan
Wings,Mie Sedaap Korean Spicy Chicken,0,4130,0,23,Shopee,Indonesia,Satuan
Wings,Mie Sedaap Goreng 85 gram,0,4500,0,172,Shopee,Indonesia,Satuan
Wings,SEDAAP MIE GORENG ISI 5 450g,0,20182,0,24,Shopee,Indonesia,Bundling
Wings,Sedaap Mie Instan Goreng Isi 5 Bag 90 Gr,0,15400,0,10000,Shopee,Indonesia,Bundling
Wings,SEDAAP MIE GORENG 90G 1 DUS,0,140000,0,9,Shopee,Indonesia,Grosir
Wings,SEDAAP MIE INSTAN GORENG ORIGINAL 91g ISI 5,0,20500,0,44,Shopee,Indonesia,Bundling
Wings,Mie Sedaap Goreng 1 Dus- Mie Goreng Praktis dengan Rasa Nusantara,0,128000,0,11,Shopee,Indonesia,Grosir
Wings,Mie Sedaap Instant Rasa Soto dan Mie Sedaap Mi Goreng (1dus isi 40pcs),0,139499,0,13,Shopee,Indonesia,Grosir
Wings,Aneka Mie SedAAP isi 40 pcs Dus,0,140000,0,33,Shopee,Indonesia,Grosir
Wings,Sedaap Mie Instan Goreng 5 in 1 Bag 5 x 90 gr,0,17700,0,208,Shopee,Indonesia,Bundling
Wings,SEDAAP ~ MIE INSTAN GORENG/SOTO/RAWIT 1 KARTON (40BKS lebih banyaaak),0,135000,0,14,Shopee,Indonesia,Grosir
Wings,SEDAAP MIE MIE INSTANT GORENG 5x91g,0,15500,0,187,Shopee,Indonesia,Satuan
Wings,Mie sedaap 1 karton isi 40 pcs enak dan lezat,128655,15000,113655,1,Shopee,Indonesia,Grosir
Wings,SEDAAP MIE GORENG SELECTION KOREAN SPICY CHICKEN 87g ISI 5,0,20650,0,21,Shopee,Indonesia,Bundling
Wings,"Mie Sedaap Instant Goreng All Varian 90gr - Gurih, Kenyal, Diperkaya Vitamin",0,4000,0,336,Shopee,Indonesia,Satuan
Wings,SEDAAP MI GORENG ISI 5BKS @ 90 GR KARTON,0,131380,0,79,Shopee,Indonesia,Grosir
Wings,SEDAAP MIE GORENG 5'S KARTON - 1 Dus isi 8 Pack,0,147000,0,59,Shopee,Indonesia,Grosir
Wings,mie sedap spicy laksa singapore 1 dus isi 40 bungkus mie sedaap laksa,0,133400,0,7,Shopee,Indonesia,Grosir
Wings,SEDAAP MIE MIE INSTANT AYAM BAWANG 5x71g,0,14900,0,47,Shopee,Indonesia,Satuan
Wings,SEDAAP MIE KARI KENTAL SPESIAL 75 GR,0,3200,0,1000,Shopee,Indonesia,Satuan
Wings,Mie Sedaap Sedap Goreng 1 DUS (GRATIS ONGKIR INSTANT),0,148062,0,7,Shopee,Indonesia,Grosir
Wings,SEDAAP MIE SINGAPORE SPICY LAKSA 83 GR,0,3200,0,1000,Shopee,Indonesia,Satuan
Wings,Mie Sedaap Goreng karton isi 40pcs,0,134850,0,52,Shopee,Indonesia,Grosir
Wings,SEDAAP MIE KARI KENTAL SPESIAL 75 GR,0,3410,0,89,Shopee,Indonesia,Satuan
Wings,SEDAAP MIE MIE INSTANT SG SPICY LAKSA 83g,0,3100,0,228,Shopee,Indonesia,Satuan
Wings,Mi Goreng Sedaap 1 dus isi 40 Bks mi sedap,0,169785,0,17,Shopee,Indonesia,Grosir
Wings,SEDAAP MI KUAH RASA SOTO ISI 5BKS @75 GR KARTON,0,101990,0,112,Shopee,Indonesia,Grosir
Wings,[1 Dus] Sedaap Mie Instan Goreng Isi 5 x8 Pack,0,163499,0,1,Shopee,Indonesia,Grosir
Wings,SEDAAP MIE KOREAN SPICY CHICKEN 87 GR,0,3500,0,138,Shopee,Indonesia,Satuan
Wings,Mie Sedaap Rasa Soto,0,4000,0,57,Shopee,Indonesia,Satuan
Wings,Mie Sedaap Cup All Variant,0,7000,0,13,Shopee,Indonesia,Satuan
Wings,Sedaap Mie Ayam Bawang 70 Gr,0,3410,0,194,Shopee,Indonesia,Satuan
Wings,Sedaap Mie Instan Soto Banded 5 x 75 Gr,0,17100,0,298,Shopee,Indonesia,Bundling
Wings,Sedaap Mie Instan Goreng Sedaap 90 gr,0,3800,0,90,Shopee,Indonesia,Satuan
Wings,MIE SEDAAP INSTANT PCS (BUNGKUS),0,4375,0,173,Shopee,Indonesia,Satuan
Wings,SEDAAP MIE KARI AYAM 72 GR,0,3410,0,139,Shopee,Indonesia,Satuan
Wings,SEDAAP MI KUAH RASA SOTO ISI 5BKS @75 GR KARTON,0,124110,0,16,Shopee,Indonesia,Grosir
Wings,SEDAAP MI GORENG ISI 5BKS @ 90 GR KARTON,0,134380,0,16,Shopee,Indonesia,Grosir
Wings,Mie Sedaap Instant Jelas Terasa Sedapnya Sedap,0,4060,0,69,Shopee,Indonesia,Satuan
Wings,SEDAAP MIE GORENG 90 GR KARTON,0,136590,0,2,Shopee,Indonesia,Grosir
Wings,SEDAAP MIE KOREAN SPICY CHICKEN 87 GR,0,3200,0,1000,Shopee,Indonesia,Satuan
Wings,Mie Sedaap Goreng Instant 1 Dos,0,156000,0,1,Shopee,Indonesia,Satuan
Wings,Mie Sedap - All Variant / Satusama,0,3486,0,10000,Shopee,Indonesia,Satuan
Wings,Mie Sedaap Instant Rasa Soto/Mie Sedaap Instant Mi Goreng (1 Dus isi 40 Pcs),0,136000,0,11,Shopee,Indonesia,Grosir
Wings,Sedaap Mie Instan Baked Goreng 87 gram,0,3400,0,6,Shopee,Indonesia,Satuan
Wings,Mie Sedaap Goreng / Mi Sedap Soto / selection Singapore Laksa / Korean spicy chicken,0,36600,0,410,Shopee,Indonesia,Satuan
Wings,SEDAAP MIE GORENG 90 GR KARTON,0,145360,0,1,Shopee,Indonesia,Grosir
Wings,SEDAAP MIE GORENG AYAM BAKAR LIMAU 89G,0,3200,0,449,Shopee,Indonesia,Satuan
Wings,Sedaap Mie Instan Singapore Spicy Laksa 82 gr,0,3800,0,420,Shopee,Indonesia,Satuan
Wings,SEDAAP MI GORENG ISI 5BKS @ 90 GR KARTON,0,135340,0,5,Shopee,Indonesia,Grosir
Wings,Sedaap Mie Instan Mi Goreng Cup 85 gr,0,6200,0,57,Shopee,Indonesia,Satuan
Wings,Mie Sedaap Goreng 90gr + Kriuk Bawang Goreng Asli,0,4995,0,24,Shopee,Indonesia,Satuan
Wings,SEDAAP MIE AYAM SPECIAL 66 GR,0,3840,0,33,Shopee,Indonesia,Satuan
Wings,SEDAAP MIE GORENG CUP 85 GR,0,5340,0,69,Shopee,Indonesia,Satuan
Wings,Sedaap Mie Instan Goreng Isi 5 Bag 90g x2,37200,49100,0,10000,Tokopedia,Indonesia,Bundling
Wings,Sedaap Mie Instan Goreng Bag 91g 1 Dus Isi 40 pcs,151200,177900,0,7000,Tokopedia,Indonesia,Grosir
Wings,Sedaap Mie Instan 16 pcs Mix Flavors Korean Series & Singapore Laksa,57900,73700,0,1000,Tokopedia,Indonesia,Satuan
Wings,Sedaap Mie Instan Singapore Spicy Laksa 83 gr x 12 pcs,43000,55800,0,2000,Tokopedia,Indonesia,Bundling
Wings,Sedaap Mie Instan Singapore Spicy Laksa 83 Gr x 15 Pcs,53100,68000,0,10000,Tokopedia,Indonesia,Bundling
Wings,Sedaap Mie Instan Korean Spicy Chicken x 10 pcs,42100,49800,0,9000,Tokopedia,Indonesia,Bundling
Wings,Sedaap Mie Instan Goreng Ala Chef Bag 93gr x10,38100,49800,0,2000,Tokopedia,Indonesia,Bundling
Wings,Sedaap Cup Mie Instan Mix Variant (12 Pcs),62900,83900,0,1000,Tokopedia,Indonesia,Bundling
Wings,Sedaap Mie Instan Goreng Isi 5 Bag 90g,19900,28100,0,50000,Tokopedia,Indonesia,Bundling
Wings,Sedaap Mie Instan Ayam Bawang 70 gr x 20 pcs,69900,88400,0,5000,Tokopedia,Indonesia,Bundling
Wings,Sedap Mie Instan 1 dus All varian ( Dus/Karton ) Food Kuah Noodles Goreng,135000,145000,0,1000,Tokopedia,Indonesia,Grosir
Wings,Sedaap Mie Instan Soto 75 gr x 12 pcs,47800,55800,0,1000,Tokopedia,Indonesia,Bundling
Wings,SEDAAP Mie Instan Kari Kental Spesial Bag 76 g x12,43000,55800,0,1000,Tokopedia,Indonesia,Bundling
Wings,Sedaap Mie Instan Soto Isi 5 Bag 75g x3,51900,66900,0,1000,Tokopedia,Indonesia,Bundling
Wings,Sedaap Mie Instan Goreng Bag 91g x12,50000,58300,0,6000,Tokopedia,Indonesia,Bundling
Wings,Sedaap Cup Mie Instan Kari Spesial 81 gr x 12 pcs(Box),61200,82100,0,100,Tokopedia,Indonesia,Grosir
Wings,Mie Sedaap Goreng 90 gr 1 dus isi 40 pcs + bube wrep,0,115000,0,80,Tokopedia,Indonesia,Grosir
Wings,(Paket 2 Bungkus) Sedaap Goreng isi 5x90gr Instan Makanan Noodles Food Pedas,39600,40000,0,500,Tokopedia,Indonesia,Bundling
Wings,Sedaap Mie Instan Baso Spesial 77 gr Dus (Isi 40 pcs),142400,169800,0,2000,Tokopedia,Indonesia,Grosir
Wings,Sedaap Mie instan Ayam Spesial 69 gr Dus (Isi 40 pcs),140700,156200,0,3000,Tokopedia,Indonesia,Grosir
Wings,(1 DUS) SEDAAP MIE INSTAN ALL VARIAN ISI 40 PCS,130600,130700,0,4000,Tokopedia,Indonesia,Grosir
Wings,Sedaap Mie Instan Kari Kental Spesial 75 gr (Isi 40 pcs),142400,169800,0,4000,Tokopedia,Indonesia,Grosir
Wings,Sedaap Mie Instan 8 pcs Mix Flavors Korean Series & Singapore Laksa,30300,40400,0,1000,Tokopedia,Indonesia,Satuan
Wings,Sedaap Mie Instan Baso Spesial 77 gr x 5 pcs,19400,27300,0,8000,Tokopedia,Indonesia,Bundling
Wings,Sedaap Mie Cup Singapore Spicy Laksa 86gr x6,31900,44600,0,3000,Tokopedia,Indonesia,Satuan
Wings,Sedaap Mie Instan Korean Spicy Chicken 87gr x 12 pcs,50000,58300,0,1000,Tokopedia,Indonesia,Bundling
Wings,"sedap , mie sedap dos , mie sedap original, mie goreng sedap , kering Noodles Food",0,113500,0,40,Tokopedia,Indonesia,Satuan
Wings,Sedaap Mie Instan Goreng Salero Padang 86 gr x 10 pcs,38100,49800,0,100,Tokopedia,Indonesia,Bundling
Wings,1 Dus Mie Sedaap Kuah Dan Goreng All Varian Isi 40pcs,0,119500,0,250,Tokopedia,Indonesia,Grosir
Wings,Sedaap Mie Instan Soto 75 gr 1 Dus isi 40 pcs,142400,169800,0,7000,Tokopedia,Indonesia,Grosir
Wings,Sedaap Mie Instan Ayam Bawang 70 gr x 5 pcs,19400,27300,0,10000,Tokopedia,Indonesia,Bundling
Wings,Sedaap Mie Instan Goreng Ala Chef Bag 93gr x20,73700,92400,0,500,Tokopedia,Indonesia,Satuan
Wings,Sedaap Mie Instan 24 pcs Mix Flavors Korean Series & Singapore Laksa,85600,107100,0,500,Tokopedia,Indonesia,Satuan
Wings,Sedaap Mie Instan Soto Madura 82 gr x 20 pcs,69900,88400,0,1000,Tokopedia,Indonesia,Bundling
Wings,SEDAAP Mie Instan 1 Dus isi 40 Pcs Merek Terkemuka Tekstur Kenyal Bumbu Sedap Varian Rasa Goreng Krispy Soto Kari,0,134000,0,2000,Tokopedia,Indonesia,Grosir
Wings,mie sedap goreng 1 kardus | 1dus | 40pcs,0,111700,0,5,Tokopedia,Indonesia,Grosir
Wings,Sedaap Mie Instan Baso Spesial 77 gr x 20 pcs,69900,88400,0,4000,Tokopedia,Indonesia,Bundling
Wings,Sedaap Mie Instan Ayam Bawang Bag 70g x6,22800,31400,0,2000,Tokopedia,Indonesia,Satuan
Wings,Sedaap Mie Instan Korean Spicy Chicken 87 gr x 5 pcs,22400,28400,0,9000,Tokopedia,Indonesia,Bundling
Wings,Sedaap Mie Instan Korean Spicy Chicken 87 gr 1 Dus (Isi 40 pcs),151200,177900,0,5000,Tokopedia,Indonesia,Grosir
Wings,MIE SEDAAP 1 DUS ISI 40 BISA CAMPUR,0,145000,0,1000,Tokopedia,Indonesia,Grosir
Wings,Sedaap Mie Instan Kari Ayam 72 gr Dus (Isi 40 pcs),142400,169800,0,2000,Tokopedia,Indonesia,Grosir
Wings,Sedaap Mie Instant Goreng Ala Chef Bag 93 gr x 5 pcs,20400,28400,0,1000,Tokopedia,Indonesia,Bundling
Wings,SEDAAP Mie Instan Kari Kental Spesial Bag 76 g x20,69900,88400,0,4000,Tokopedia,Indonesia,Satuan
Wings,Mie Sedaap Instant Goreng Dan Kuah 40 Pcs Makanan Instan Lezat dan Praktis,0,140000,0,750,Tokopedia,Indonesia,Satuan
Wings,Sedaap Mie Instan Soto Bag x 5 pcs,19000,27000,0,50000,Tokopedia,Indonesia,Bundling
Wings,mie sedap instant rasa soto. jelas terasa sedapnya....,0,114000,0,3,Tokopedia,Indonesia,Satuan
Wings,Sedaap Mie Instan Singapore Spicy Laksa 83g x3,12700,19300,0,4000,Tokopedia,Indonesia,Bundling
Wings,Sedaap Mie Instan Cup Soto 81g x6,31900,44600,0,2000,Tokopedia,Indonesia,Satuan
Wings,Sedaap SEDAP GORENG PAKET 1 DUS 40 PCS MIE INSTAN  ISI 40 PCS dalam Setiap Dus Food Noodles,141499,141500,0,2000,Tokopedia,Indonesia,Grosir
Wings,Sedaap Mie Instan Cup Kari Mercon Cabe Rawit Asli 75g x12,61200,82100,0,250,Tokopedia,Indonesia,Bundling
Wings,Sedaap Mie Instan Goreng Korean Cheese Buldak 86gr (Isi 40 pcs),151200,177900,0,500,Tokopedia,Indonesia,Grosir
Wings,Mie Instan Sedaap Goreng 90 gram isi 10 pcs,0,45800,0,11,Tokopedia,Indonesia,Bundling
Wings,Mie Instant Sedaap Goreng isi 40 pcs/kotak,0,145000,0,40,Tokopedia,Indonesia,Grosir
Wings,(1 DUS = 6/12 CUP) SEDAAP Mie Instant CUP DUSAN,0,64500,0,6000,Tokopedia,Indonesia,Grosir
Wings,Sedaap Mie Instan Soto Isi 5 Bag 75g x2,35500,47000,0,4000,Tokopedia,Indonesia,Bundling
Wings,Sedaap Mie Instan Goreng Korean Cheese Buldak 86gr x 10,38100,49800,0,2000,Tokopedia,Indonesia,Bundling
Wings,Sedaap Mie Instan Soto Bag 75g x6,25200,31400,0,2000,Tokopedia,Indonesia,Satuan
Wings,Mie Sedaap Instan | Murah Meriah,0,120000,0,8,Tokopedia,Indonesia,Satuan
Wings,Sedaap Mie Instan Ayam Bawang 70 gr 1 Dus isi 40 pcs,142400,169800,0,3000,Tokopedia,Indonesia,Grosir
Wings,10 Bungkus Mie Sedaap Goreng 90gr - Instan Food Mie Murah - Mie Goreng - Noodles,0,40500,0,12,Tokopedia,Indonesia,Satuan
Wings,(10/5 PCS) Sedaap Mie Instant All Varian PAKET HEMAT Noodle Food Goreng,0,21500,0,3000,Tokopedia,Indonesia,Bundling
Wings,Sedaap Mie Instan Korean Cheese Buldak 86g x6,23900,32700,0,1000,Tokopedia,Indonesia,Satuan
Wings,SEDAAP MIE GORENG 90 GR KARTON,106990,132560,0,6,Tokopedia,Indonesia,Grosir
Wings,Sedaap Mie Goreng & Soto Pack isi5pcs 1dus isi 8pack,0,128600,0,60,Tokopedia,Indonesia,Grosir
Wings,Sedaap Mie Instan Cup Goreng 81g x 12 pcs,64600,85700,0,1000,Tokopedia,Indonesia,Bundling
Wings,Sedaap Mie Instan Korean Spicy Chicken 87 gr x 20 pcs,81700,92400,0,4000,Tokopedia,Indonesia,Bundling
Wings,Sedaap Mie Instan Ayam Krispi 84 gr x5,20400,28400,0,6000,Tokopedia,Indonesia,Bundling
Wings,Sedaap Mie Instan Goreng Bag 91g x3,14500,19800,0,4000,Tokopedia,Indonesia,Bundling
Wings,Sedaap Mie Instan Soto Madura 82 gr x 10 pcs,36200,47700,0,2000,Tokopedia,Indonesia,Bundling
Wings,10 pcs Mie Sedaap Goreng Instant Termurah - Mie Goreng,0,33000,0,3,Tokopedia,Indonesia,Bundling
Wings,Sedaap Cup Mie Instan Kari Mercon Cabe Rawit Asli 75 gr x9,46600,63300,0,100,Tokopedia,Indonesia,Satuan
Wings,Mie Sedaap Bag All Varian Rasa Paket 3 5 10Pcs Lebih Hemat,12416,12800,0,10000,Tokopedia,Indonesia,Bundling
Wings,mie sedap 1 dus isi 40 pcs,0,139000,0,6000,Tokopedia,Indonesia,Grosir
Wings,Mie Sedaap White Curry / 1 Dus / 40 pcs,0,125000,0,1,Tokopedia,Indonesia,Grosir
Wings,SEDAAP MI GORENG ISI 5BKS @ 90G,0,16300,0,1000,Tokopedia,Indonesia,Bundling
Wings,Sedap Mie Ayam Bawang Paket isi 10pcs,0,33180,0,100,Tokopedia,Indonesia,Bundling
Wings,Sedaap Mie Instan Korean Spicy Chicken Bag 87g x3,14500,19800,0,3000,Tokopedia,Indonesia,Bundling
Wings,mie sedaap goreng 10 bungkus,0,40200,0,250,Tokopedia,Indonesia,Satuan
Wings,Sedaap Mie Instan Korean Spicy Chicken Bag 87g x6,26300,32700,0,3000,Tokopedia,Indonesia,Satuan
Wings,SEDAAP MI GORENG ISI 5BKS @ 90 GR KARTON,0,130300,0,15,Tokopedia,Indonesia,Grosir
Wings,Sedaap Mie Instan Soto Bag 75g x3,13900,19300,0,3000,Tokopedia,Indonesia,Bundling
Wings,SEDAAP Mie Instan Kari Kental Spesial Bag 76 g x6,22800,31400,0,2000,Tokopedia,Indonesia,Satuan
Wings,Mie Sedaap Laksa Singapore / 1 Dus / 40 pcs,0,125000,0,2,Tokopedia,Indonesia,Grosir
Wings,SEDAAP Mie Goreng & Kuah (1dus) Varian Lengkap Food Noodles Instan,0,131000,0,100,Tokopedia,Indonesia,Grosir
Wings,Sedaap Mie Instan Ayam Bakar Limau 89 gr x 15 pcs,55900,71100,0,3000,Tokopedia,Indonesia,Bundling
Wings,SEDAAP MI KUAH RASA SOTO ISI 5BKS @75G,0,15500,0,100,Tokopedia,Indonesia,Bundling
Wings,Sedaap Mie Instan Cup Bakso Spesial 77g x6,31900,44600,0,2000,Tokopedia,Indonesia,Satuan
Wings,Sedaap Mie Instan Cup Goreng 81g x6,33600,46400,0,4000,Tokopedia,Indonesia,Satuan
Wings,Mie Sedaap Korean Spicy Chicken 1 Dus,0,133000,0,14,Tokopedia,Indonesia,Grosir
Wings,Sedaap Baked Mie Instant Goreng 87g x6,20400,28600,0,2000,Tokopedia,Indonesia,Satuan
Wings,MIE SEDAAP GORENG ISI 5 PCS,0,18900,0,100,Tokopedia,Indonesia,Bundling
Wings,SEDAAP MI KUAH RASA SOTO ISI 5BKS @75 GR KARTON,0,114650,0,50,Tokopedia,Indonesia,Grosir
Wings,SEDAAP MIE SOTO 75 GR KARTON,0,123100,0,6,Tokopedia,Indonesia,Grosir
Wings,mie sedap soto 1 kardus | 1 dus | 40pcs,0,110000,0,10,Tokopedia,Indonesia,Grosir
Wings,Sedaap Mie Instan Ayam Krispi 84 gr x20,73700,92400,0,2000,Tokopedia,Indonesia,Satuan
Wings,Sedaap Mie Instan Sedaap All Variant 1 DUS 40 PCS Mie Sedap Karton All Varian untuk Berbagai Rasa noodles,146510,149500,0,13,Tokopedia,Indonesia,Grosir
Wings,1 Dus Mie Sedaap Ramen Yes Mie Kuah Ramen hakata Chicken isi 60 pcs,0,169100,0,13,Tokopedia,Indonesia,Grosir
Wings,Sedaap Mie Instan Kari Kental Spesial 75 gr 1 Dus isi 40 pcs,0,125000,0,100,Tokopedia,Indonesia,Grosir
Wings,mie sedap sigapure spisy laksa Food Noodles,0,115000,0,0,Tokopedia,Indonesia,Satuan
Wings,MIE INSTAN SEDAP MIE SEDAAP KUAH/GORENG 1 Dus bisa mix Food Noodles,0,139200,0,6000,Tokopedia,Indonesia,Grosir
Wings,SEDAP- MIE INSTAN GORENG 75 G 1 DUS 40 PCS,140580,142000,0,7,Tokopedia,Indonesia,Grosir
Wings,10 BUNGKUS MIE SEDAAP KUAH GORENG ALL VARIAN Food,0,38000,0,1000,Tokopedia,Indonesia,Satuan
Wings,mie sedap goreng (duz) Noodles,0,113950,0,0,Tokopedia,Indonesia,Satuan
Wings,Sedaap Mie Instan Goreng Ala Chef Bag 93gr x6,23900,32700,0,2000,Tokopedia,Indonesia,Satuan
Wings,Sedaap Mie Instan Ayam Bakar Limau 89 gr x 5 pcs,20400,28400,0,10000,Tokopedia,Indonesia,Bundling
Wings,Mie Sedaap Goreng Food Noodles Instan,0,117000,0,13,Tokopedia,Indonesia,Satuan
Wings,Sedaap Mie Instan Cup Baso Bleduk 77g x6,31900,44600,0,4000,Tokopedia,Indonesia,Satuan
Wings,mie sedaaap goreng 1 dus 40pcs,0,138000,0,80,Tokopedia,Indonesia,Grosir
Wings,Sedaap Mie Instan Korean Cheese Buldak 86g x3,13300,19800,0,1000,Tokopedia,Indonesia,Bundling
Wings,mie goreng sedap karton lezat dan nikmat,0,120000,0,2,Tokopedia,Indonesia,Grosir
Wings,Sedaap Mie Instan Ayam Bawang Bag 70g x3,12700,19300,0,1000,Tokopedia,Indonesia,Bundling
Wings,mie sedap sedaap goreng kuah all varian 1 karton,0,147000,0,750,Tokopedia,Indonesia,Grosir
Wings,Mie Sedaap Kuah & Goreng Semua Rasa,0,3850,0,250,Tokopedia,Indonesia,Satuan
Wings,Sedaap Kari Spesial 1 dus isi 40pcs,0,121000,0,30,Tokopedia,Indonesia,Grosir
Wings,Sedaap Mie Instan Kari Ayam 72 gr x 20 pcs,69900,88400,0,3000,Tokopedia,Indonesia,Bundling
Wings,[LS] Sedaap Mie Instan isi 40 pcs,151200,177900,0,250,Tokopedia,Indonesia,Grosir
Wings,Mie Sedaap Cup (PAKET ISI 6),0,35900,0,1000,Tokopedia,Indonesia,Satuan
Wings,Mie Instant Sedap Sedaap Goreng 1 dus isi 40 pcs Noodles,0,149000,0,50,Tokopedia,Indonesia,Grosir
Wings,Sedaap Mie Instan Cup Kari Spesial 81g x 12 pcs,61200,82100,0,750,Tokopedia,Indonesia,Bundling
Wings,Sedaap Mie Instan 3 Dus (120 pcs) FREE Top Coffee + Kecap Sedaap 3 pcs,422000,495200,0,30,Tokopedia,Indonesia,Bundling
Wings,Sedaap Mie Instan Soto Madura 82 gr x 5 pcs,19400,27300,0,5000,Tokopedia,Indonesia,Bundling
Wings,Sedaap Mie Instan Cup Kari Spesial 81g x6,31900,44600,0,1000,Tokopedia,Indonesia,Satuan
Wings,Sedaap Mie Instan Singapore Spicy Laksa 83 gr 1 Dus isi 40 pcs,142400,169800,0,2000,Tokopedia,Indonesia,Grosir
Wings,Sedaap Baked Mie Instan Goreng 87 gr x 48 pcs,145400,180000,0,100,Tokopedia,Indonesia,Satuan
Wings,Sedaap Mie Instan Cup Kari Mercon Cabe Rawit Asli 75g x6,31900,44600,0,750,Tokopedia,Indonesia,Satuan
Wings,mie sedap soto ( min 5 pcs) harga spesial,0,14000,0,0,Tokopedia,Indonesia,Bundling
Wings,Sedaap Mie Kuah 1dus isi 40pcs,0,134000,0,29,Tokopedia,Indonesia,Grosir
Wings,MIE INSTAN SEDAP MIE SEDAAP KUAH/GORENG 1 KARTON 40pcs BISA MIX,0,142500,0,2000,Tokopedia,Indonesia,Grosir
Wings,10 PCS MIE SEDAP GORENG RASA ORIGINAL 91 GRAM,0,36999,0,250,Tokopedia,Indonesia,Bundling
Wings,Sedaap Mie Instant 1 dus (40pcs),0,138900,0,100,Tokopedia,Indonesia,Grosir
Wings,Sedaap Mie Instan Cup Goreng 81g x 3 pcs,18100,26700,0,2000,Tokopedia,Indonesia,Bundling
Wings,"Mie Sedaap Kuah Goreng 10 Bungkus - Semua Varian - Food, Noodles",0,35000,0,9,Tokopedia,Indonesia,Satuan
Wings,Mie Sedap Dus All Varian Isi 40 Pcs,0,141500,0,250,Tokopedia,Indonesia,Grosir
Wings,sedap soto (1pack isi 10),0,29800,0,5,Tokopedia,Indonesia,Bundling
Wings,Sedaap Cup Mie Instan Mix Variant (6 Pcs),32500,45100,0,100,Tokopedia,Indonesia,Satuan
Wings,SEDAAP MIE KUAH RASA SOTO ISI 5 BUNGKUS X75 GR - Hypermart,0,15500,0,100,Tokopedia,Indonesia,Bundling
Wings,1dus Mie Sedap Kuah Ayam Bawang Soto Mie Goreng isi 40pcs Noodles Food Instan,0,133750,0,50,Tokopedia,Indonesia,Grosir
Wings,Sedaap Baked Mie Instan Goreng 87 gr x 12 pcs,38300,50300,0,100,Tokopedia,Indonesia,Bundling
Wings,Sedap Mie Singapore Spicy Laksa @ Dus isi 40 Pcs,0,131000,0,90,Tokopedia,Indonesia,Grosir
Wings,mie sedaap pacs '@Deva store' sedaap goreng isi 6 pacs  Food Makanan Instan Pedas Noodles,0,75000,0,0,Tokopedia,Indonesia,Satuan
Wings,(40 PCS) SEDAAP MIE INSTANT 1 DUS All Varian isi 40 PCS (Tersedia packing tambahan bubble wrap opsional),0,136000,0,500,Tokopedia,Indonesia,Grosir
Wings,Mie Sedaap Kuah Rasa Soto - 1 Karton,0,118000,0,22,Tokopedia,Indonesia,Grosir
Wings,Sedaap Mie Instan Goreng Bag 90gr x 40,0,150000,0,3,Tokopedia,Indonesia,Grosir
Wings,sembako&agen telur,0,106500,0,0,Tokopedia,Indonesia,Satuan
Wings,mie goreng sedaap 10 pcs mi goreng instan,0,38000,0,250,Tokopedia,Indonesia,Bundling
Wings,Mie Sedaap goreng/ kuah Kartonan,139499,139500,0,12,Tokopedia,Indonesia,Grosir
Wings,Sedaap Mie Instan Soto Madura 82 gr x 15 pcs,53100,68000,0,1000,Tokopedia,Indonesia,Bundling
Wings,Sedaap Mie Instan 3 Dus (120 pcs),448300,519700,0,17,Tokopedia,Indonesia,Bundling
Wings,Mie INSTAN SEDAP AYAM BAWANG 1 dus isi 40pcs,0,116000,0,4,Tokopedia,Indonesia,Grosir
Wings,Mie Sedaap Goreng Selection Korean Spicy Chicken 1 dus isi 40 pcs,0,125000,0,6,Tokopedia,Indonesia,Grosir
Wings,"Mie Sedaap Bungkus Goreng, Ayam Bawang, Kari, Kari Special, Soto, Soto Madura, Cheese Buldak, Singapore Laksa, Ayam Jerit, Korean Spicy goreng dan kuah, baked goreng  90 gram",0,4500,0,750,Tokopedia,Indonesia,Satuan
Wings,mie sedaap goreng 1 dus,0,145000,0,7,Tokopedia,Indonesia,Grosir
Wings,Mi Sedaap Ayam Bawang 40x70g Mi Instan Kuah Ambil Min 3 dus Harga Lebih Murah,0,125000,0,5,Tokopedia,Indonesia,Satuan
Wings,Mie Sedaap Kuah Instant Noodle kuah murah meriah,0,115000,0,0,Tokopedia,Indonesia,Satuan
Wings,Sedaap Mie instan Ayam Spesial 69 gr x 5 pcs,19900,25700,0,3000,Tokopedia,Indonesia,Bundling
Wings,Mie Sedap Karton isi 40 pcs,0,134999,0,250,Tokopedia,Indonesia,Grosir
Wings,Mie Sedaap kuah rasa SOTO ayam,0,108000,0,0,Tokopedia,Indonesia,Satuan
Wings,Mie Instan Sedap Goreng isi 40 Mie goreng sedap,0,130000,0,28,Tokopedia,Indonesia,Grosir
Wings,SEDAAP MIE INSTAN GORENG PER 10 PCS,0,36199,0,50,Tokopedia,Indonesia,Bundling
Wings,sedaap goreng mie instan 20 pcs readyyyy Noodles,0,65000,0,1,Tokopedia,Indonesia,Bundling
Wings,SEDAAP MIE KUAH RASA SOTO ISI 5 BUNGKUS X75 GR,0,15500,0,100,Tokopedia,Indonesia,Bundling
Wings,MIE SEDAP GORENG ISI 20 BUNGKUS,0,67999,0,40,Tokopedia,Indonesia,Satuan
Wings,PAKET 15 PCS MIE SEDAAP GORENG,0,68000,0,50,Tokopedia,Indonesia,Bundling
Wings,SEDAAP Cup Mie Goreng & Kuah Soto Korean 81gr(1dus isi 12pcs) Food Noodles Pedas Ayam Makanan Instan Spicy,0,664900,0,50,Tokopedia,Indonesia,Grosir
Wings,Sedaap Mie Instan All Varian 1 Dus Bisa Mix Rasa 40 Pcs Paket Hemat Rasa Luas Ayam Bawang Kari Soto Baso Laksa Singapore Goreng Spicy,137000,147000,0,40,Tokopedia,Indonesia,Grosir
Wings,MIE SEDAP GORENG 1DUS ISI 40PCS mie instan goreng rasa lezat dan nikmat,0,148000,0,30,Tokopedia,Indonesia,Grosir
Wings,mie sedaap goreng isi 5,0,17999,0,100,Tokopedia,Indonesia,Bundling
Wings,"1 DUS MIE SEDAP GORENG ISI 40 PCS RP,110,000 SAJA",0,39500,0,30,Tokopedia,Indonesia,Grosir
Wings,Mie Sedaap Sedap Ayam Bawang Instan Kuah 1 Karton/Dus isi 40 pcs 70 gr,0,135971,0,40,Tokopedia,Indonesia,Grosir
Wings,Seddap Goreng Pack isi 5pcs,0,14900,0,3,Tokopedia,Indonesia,Bundling
Wings,10 PCS MIE INSTAN SEDAAP GORENG DAN KUAH SEDAP Makanan Food Ayam Kari Noodles Rawit,0,36500,0,750,Tokopedia,Indonesia,Bundling
Wings,Mie Sedaap Kuah ( All Varian ),0,112000,0,6,Tokopedia,Indonesia,Satuan
Wings,FS ONLY MIE SEDAAP RASA SOTO PACK ISI 5,0,20000,0,17,Tokopedia,Indonesia,Bundling
Wings,Sedaap Soto 70gr 1 Karton Isi 40 Pcs Mie Instant Kuah Rempah & Serbuk Koya Gurih,0,135971,0,90,Tokopedia,Indonesia,Grosir
Wings,sedap soto mie instan 70gr 1 dus /40 bungkus,0,125000,0,8,Tokopedia,Indonesia,Grosir
Wings,Sedap mie instan goreng soto korean spicy laksa dll 1dus,0,138000,0,90,Tokopedia,Indonesia,Grosir
Wings,(ISI 10pcs) MIE SEDAAP GORENG / KUAH SEMUA RASA (BISA MIX VARIAN),0,38800,0,5,Tokopedia,Indonesia,Bundling
Wings,1 DUS MIE SEDAP kuah / goreng isi 40 pcs all varian Food Ayam Iga Instan Bawang Pedas Noodles,0,125000,0,4,Tokopedia,Indonesia,Grosir
Wings,SEDAAP PAKET 1DUS ISI 40PCS Packing Kardus + plastik,0,142999,0,12,Tokopedia,Indonesia,Grosir
Wings,"Sedaap KUAH AYAM BAWANG/SOTO Paket 40 pcs – Mie Instan Gurih Pedas Praktis, Isi Banyak, Cocok untuk Stok Rumah Usaha dan Hadiah Anak Kos",0,136500,0,250,Tokopedia,Indonesia,Satuan
Wings,Mie Sedap Soto Dus isi 40 pcs / 8 pack x 5 pcs sedaap mi noodle wings wingsfood,0,135500,0,250,Tokopedia,Indonesia,Grosir
Wings,Mie goreng sedaap 1 dus isi 40pcs dengan rasa yang sedap dan praktis,0,155000,0,1,Tokopedia,Indonesia,Grosir
Wings,MIE SEDAAP GORENG 1 Dus isi 40 Bungkus,140579,141999,0,70,Tokopedia,Indonesia,Grosir
Wings,MIE Sedaap Instant Mi Goreng Mie Instan Isi 40 Pack Lestama Grosir Official Store Noodles,0,137999,0,70,Tokopedia,Indonesia,Grosir
Wings,Mie Sedap Goreng Instan isi 40 pacj Rasa Terbaik Sesuai Spesifikasi Food,0,118000,0,3,Tokopedia,Indonesia,Grosir
Wings,Sedaap Mie Ayam Bawang 70 Gr,0,3090,0,40,Tokopedia,Indonesia,Satuan
Wings,Mie sedap goreng 1 dus,0,128000,0,2,Tokopedia,Indonesia,Grosir
Wings,Mie Sedap Instan 1 Dus (isi 40PCS) All Varian,139900,155000,0,60,Tokopedia,Indonesia,Grosir
Wings,sedaap mie goreng 1 dus 40 pcs,0,132000,0,17,Tokopedia,Indonesia,Grosir
Wings,10pcs/14pcs mi sedap kuah campur rasa  Food  Instan  Mie Noodles,38800,40000,0,750,Tokopedia,Indonesia,Bundling
Wings,MIE SEDAAP kartonan 90GR ISI 40bks ( Karton )-harga promo-ready all varian/mie instant,143900,159000,0,500,Tokopedia,Indonesia,Grosir
Wings,Mi Sedaap Goreng   1 Dus Isi 40 Pcs,0,145000,0,1,Tokopedia,Indonesia,Grosir
Wings,"Sedaap Goreng Karton Isi 40 - Makanan Ringan - Food, Noodles",0,148500,0,100,Tokopedia,Indonesia,Grosir
Wings,Mie sedaap sedap kuah soto 1 karton dus isi 40 pcs - Sembako Jogja,0,144000,0,1,Tokopedia,Indonesia,Grosir
Wings,Mie Sedap Kuah 1 dus,0,135000,0,13,Tokopedia,Indonesia,Grosir
Wings,Mie sedaap sedap kuah ayam bawang 1 karton isi 40 pcs - Sembako Jogja,0,144000,0,4,Tokopedia,Indonesia,Grosir
Wings,PS - SEDAAP MIE KUAH RASA SOTO ISI 5 BUNGKUS X75 GR,0,22400,0,0,Tokopedia,Indonesia,Bundling
Wings,SEDAP GORENG MIE INSTAN SATU DUS,0,147000,0,40,Tokopedia,Indonesia,Satuan
Wings,10 Pcs Mie Sedaap Kuah All Varian,0,35500,0,100,Tokopedia,Indonesia,Bundling
Wings,Mie Sedap/Sedaap Kari Special 1 Dus (40 pcs),0,130000,0,22,Tokopedia,Indonesia,Grosir
Wings,40 Pcs Sedaap Mie Instan Goreng Bag 90 gr (1Box),0,155000,0,50,Tokopedia,Indonesia,Satuan
Wings,"Mie Sedap Instan  ( Goreng, Soto, kare spesial, korea spicy, goreng davina Kuah Pedas Food",0,128550,0,40,Tokopedia,Indonesia,Satuan
Wings,SEDAAP Mie Instan Ayam Bawang  70 gr 1 Dus is 40 Pcs,137000,145000,0,7,Tokopedia,Indonesia,Grosir
Wings,Paket Mie Sedaap Ayam Bawang+Mie Sedaap Goreng+Gula,0,50000,0,15,Tokopedia,Indonesia,Satuan
Wings,Mie Sedaap Mie Instan Rasa Soto 75g (satu dus isi 40 bungkus),0,137500,0,100,Tokopedia,Indonesia,Grosir
Wings,Mie Sedaap Instant Sedap Goreng dan Soto Isi 40 Pcs - Makanan Instan Praktis dan Lezat untuk Segala Kesempatan,0,143900,0,250,Tokopedia,Indonesia,Grosir
Wings,Mie Sedaap Sedap Goreng Instan 1 Karton/Dus isi 40 pcs 90 gr,0,148073,0,28,Tokopedia,Indonesia,Grosir
Wings,PROMO..1 KARTON MIE SEDAP VARIAN ..GORENG..AYAM BAWANG...SOTO,142499,145000,0,50,Tokopedia,Indonesia,Grosir
Wings,Mie sedaap sedap kuah kari spesial 1 karton dus isi 40 pcs - Sembako Jogja,0,144000,0,1,Tokopedia,Indonesia,Grosir
Wings,[Dikirim dari Solo] Mie Sedaap Goreng 1 Kardus isi 40 Bungkus | Mie Instan Promo Murah,139600,175800,0,60,Tokopedia,Indonesia,Grosir
Wings,mie sedap goreng 1 dus,0,146750,0,40,Tokopedia,Indonesia,Grosir
Wings,mie sedaap soto 1 dus 40 pcs,0,131000,0,16,Tokopedia,Indonesia,Grosir
Wings,Sedaap Mie Goreng isi 5 (1 karton),0,133900,0,100,Tokopedia,Indonesia,Grosir
Wings,1 DUS MIE SEDAP ISI 40bungkus ALL VARIAN,0,143900,0,500,Tokopedia,Indonesia,Grosir
Wings,Mie Sedap Ayam Bawang Dus isi 40 pcs / 8 pack x 5 pcs sedaap mi noodle wingsfood wing,0,136500,0,250,Tokopedia,Indonesia,Grosir
Wings,[SEMBAKO] Mie Sedaap Instan Rasa Ayam Bawang 1 Dus (40 pcs),0,122060,0,3,Tokopedia,Indonesia,Grosir
Wings,Sedaap Mie Instan Goreng 90 gr 1 Dus isi 40 pcs(Box),0,256800,0,0,Tokopedia,Indonesia,Grosir
Wings,Mie Sedap Goreng satu karton 40pcs,0,145800,0,22,Tokopedia,Indonesia,Grosir
Wings,MIE SEDAAP MI GORENG 90 GRAM X 5 PCS (ISI 5 PCS),0,20000,0,250,Tokopedia,Indonesia,Bundling
Wings,PAKET 15 PCS MIE SEDAAP KUAH,0,68000,0,50,Tokopedia,Indonesia,Bundling
Wings,MIE SEDAP GORENG | MIE KOREAN SPICHY CHICKEN MIE INSTANT 1 KARTON,0,145999,0,24,Tokopedia,Indonesia,Grosir
Wings,10 BUNGKUS MIE SEDAAP KUAH 10 BUNGKUS Mi Sedaap Mi Sedap,0,42505,0,1000,Tokopedia,Indonesia,Satuan
Wings,Mie Sedaap Sedap Goreng 90gr X 40Bks (1 Dus/Karton),0,172000,0,0,Tokopedia,Indonesia,Grosir
Wings,mie sedap ayam bawang/mie rebus sedap,0,127000,0,0,Tokopedia,Indonesia,Satuan
Wings,1 Dus Mie Sedaap Mie Instant Kuah Rasa Soto (Isi 40 Pcs),0,140000,0,50,Tokopedia,Indonesia,Grosir
Wings,"Mie Sedaap Korean Spicy Selection 10 Bungkus - Makanan Instan Pedas - Food, Goreng, Noodles",0,40100,0,60,Tokopedia,Indonesia,Satuan
Wings,Mie Sedap Goreng Dus isi 40 pcs / 8 pack x 5 pcs mi instan sedaap noodle,0,139500,0,500,Tokopedia,Indonesia,Grosir
Wings,MIE SEDAAP GORENG 1 KARTON ISI 40PCS MURAH HARGA GROSIR,0,134800,0,14,Tokopedia,Indonesia,Grosir
Wings,(5PC) Mie Instan Sedaap Mie Sedaap Goreng Kuah Korean Spicy Salero Padang Singapore Spicy Laksa Ayam Limau Kari Ayam Soto All Varian,0,19600,0,40,Tokopedia,Indonesia,Satuan
Wings,Mie Sedaap Goreng Instant Noodle murah meriah,0,120000,0,0,Tokopedia,Indonesia,Satuan
Wings,Mie Sedap Soto 1 dus isi 40pcs,0,122300,0,2,Tokopedia,Indonesia,Grosir
Wings,1dus mie sedaap goreng isi 40pcs,0,139990,0,30,Tokopedia,Indonesia,Grosir
Wings,Mie Sedaap Ayam Bawang 1 karton/40 pcs,0,120000,0,1,Tokopedia,Indonesia,Grosir
Wings,Mie Sedap Goreng Food Noodles Ayam Instan,0,1140000,0,13,Tokopedia,Indonesia,Satuan
Wings,"Mie Sedap Instan Karton 40pcs – Mie Murah Hemat Semua Varian (Ayam Bawang, Soto, Kari Spesial, White Curry,dll)",135000,150000,0,100,Tokopedia,Indonesia,Grosir
Wings,Mie Sedaap Goreng - 1 Karton isi 40 pcs,0,138500,0,1,Tokopedia,Indonesia,Grosir
Wings,Mie Sedaap Goreng 1 Dus Karton Isi 40pcs Mie Instan Baru Jelas Terasa Sedapnya,141120,147000,0,100,Tokopedia,Indonesia,Grosir
Wings,TOEKOE Sedaap Goreng 1 Dus Karton [Isi 40pcs] / Mie Instan,0,143199,0,250,Tokopedia,Indonesia,Grosir
Wings,Mie Sedaap Goreng Dus box 90g x 40pcs | Mi sedap Noodle makanan anak kos Instan,0,118900,0,0,Tokopedia,Indonesia,Grosir
Wings,Mie Sedap Goreng 1 dus isi 40pcs,0,124600,0,1,Tokopedia,Indonesia,Grosir
Wings,Mie Sedaap Goreng 1 Dus Isi 40 (Exp Lama) - Mie Goreng,0,148000,0,50,Tokopedia,Indonesia,Grosir
Wings,Mie Sedaap Instant Goreng - Mie Instan Goreng Isi 8 - 1 dus,0,135000,0,8,Tokopedia,Indonesia,Grosir
Wings,1 DUS MIE MIE SEDAAP GORENG | KOREAN SPICHY | SALERO PADANG | AYAM BAKAR LIMAU | AYAM KRISPY | CHEF DEVINA | CHEESE BULDAK  MIE INSTANT NETTO 40 PCS X 80 GR,0,144999,0,30,Tokopedia,Indonesia,Grosir
Wings,MIE SEDAP GORENG SOTO AYAM BAWANG - PER KARTON (40PCS),139500,150100,0,30,Tokopedia,Indonesia,Grosir
Wings,mie sedap goreng 1 dus 40 pcs,0,145000,0,70,Tokopedia,Indonesia,Grosir
Wings,Mie Sedaap Goreng  90 gr 1 Dus Isi 40 Pcs,143000,152000,0,1,Tokopedia,Indonesia,Grosir
Wings,(40 pcs) Sedaap mie instan 1 dus lengkap all variant/Mie instan satu dus murah lengkap exp lama Food Noodles Goreng Ayam Pedas,0,139150,0,4,Tokopedia,Indonesia,Grosir
Wings,Mie Sedaap Kuah Soto 5 pcs,0,14500,0,100,Tokopedia,Indonesia,Bundling
Wings,Mie Sedaap Goreng 1 Karton isi 40pcs Exp 2026 Instan Food Noodles Spicy,0,122990,0,1,Tokopedia,Indonesia,Grosir
Wings,Mie Sedaap Instan Goreng - 1 Dus Isi 40 Pcs - Harga Extra - Makanan Instan,145990,149990,0,12,Tokopedia,Indonesia,Grosir
Wings,Mie Sedaap Goreng 1 Dus Isi 40pcs - Sedaap Soto - Paking dilapisi Kresek - Exp Bulan 11 2026,145500,196000,0,18,Tokopedia,Indonesia,Grosir
Wings,Sedaap mie instant kuah soto isi 5,0,17000,0,22,Tokopedia,Indonesia,Bundling
Wings,Mie Sedaap Goreng 1 Dus,0,140000,0,0,Tokopedia,Indonesia,Grosir
Wings,Mie Sedaap 1 Karton Isi 40pcs Semua Varian Favorit Ayam Bawang Soto Kari Spesial Sambal Goreng Singapore Spicy Laksa White Curry,137800,150000,0,1000,Tokopedia,Indonesia,Grosir
Wings,1 DUS SEDAP GORENG ISI 40 bungkus,0,139900,0,100,Tokopedia,Indonesia,Grosir
Wings,Mie Sedaap Instant Rasa Soto 1 Dus Isi 40 Pcs Makanan Instan Nikmat Dan Praktis,0,135650,0,27,Tokopedia,Indonesia,Grosir
Wings,mie sedap 1 kardus isi 40pcs,0,130000,0,4,Tokopedia,Indonesia,Grosir
Wings,1 dus [40 pcs] Mie sedaap kuah ayam bawang 70 gr,0,126450,0,10,Tokopedia,Indonesia,Grosir
Wings,Mie Sedaap Ayam Bawang 1 dus isi 40 pcs,0,126000,0,0,Tokopedia,Indonesia,Grosir
Wings,Mie sedap goreng isi 40 pcs / mie instan. SEDAAP Mie Instan Goreng Bag 90gr isi 40 pcs [Karton],0,157500,0,24,Tokopedia,Indonesia,Grosir
Wings,Mie sedaap isi 5 75gr Rasa Soto/ayam bawang/goreng,0,21200,0,0,Tokopedia,Indonesia,Bundling
Wings,mie sedaap goreng isi 40 bungkus,0,210000,0,100,Tokopedia,Indonesia,Grosir
Wings,Mie Sedaap Karton 40pcs Ayam Bawang Soto Kari Spesial White Curry & Lainnya Rasa Otentik Bumbu Melimpah Topping Bawang Goreng Renyah - Kuah,139900,150000,0,50,Tokopedia,Indonesia,Grosir
Wings,Mie Sedaap Goreng 1 Dus 40pcs [90gr] Sedap,0,152500,0,100,Tokopedia,Indonesia,Grosir
Wings,(1 DUS ISI 40 PCS) MIE SEDAAP GORENG/SOTO/AYAM BAWANG,0,139500,0,100,Tokopedia,Indonesia,Grosir
Wings,"Mie Sedaap Goreng 1 Karton - Makanan Ringan - Food, Noodles Instan",0,148500,0,1000,Tokopedia,Indonesia,Grosir
Wings,Mie Sedaap Rasa Soto 1 Dus 40pcs [75gr/3kg],0,148000,0,100,Tokopedia,Indonesia,Grosir
Wings,Sedaap Mie Instant Goreng 90G Karton (40 bungkus),0,149999,0,18,Tokopedia,Indonesia,Grosir
Wings,sedaap goreng 1 dus,0,153000,0,80,Tokopedia,Indonesia,Grosir
Wings,10 pcs  Mie Sedaap kuah rasa Ayam Bawang @76 gram,0,36900,0,22,Tokopedia,Indonesia,Bundling
Wings,PROMO - MIE SEDAAP GORENG / SOTO 1 DUS ISI 40 BUNGKUS / MIE INSTAN /CosmeticViral01,0,142900,0,15,Tokopedia,Indonesia,Grosir
Wings,Mie sedaap ayam bawang karton,0,143500,0,100,Tokopedia,Indonesia,Grosir
Wings,Sedap Soto Mie 1 Dus 40 Pcs,0,138000,0,250,Tokopedia,Indonesia,Grosir
Wings,1 DUS MIE SEDAAP kuah / goreng isi 40 pcs all varian Food,0,150000,0,3000,Tokopedia,Indonesia,Grosir
Wings,Sedaap mie goreng karton isi 40 bungkus,147100,149000,0,250,Tokopedia,Indonesia,Grosir
Wings,Mie Sedaap Instant PROMO MIE SEDAP GORENG SOTO AYAMBAWANG 1DUS ISI 40PCS Rasa Gurih dan Nikmat,0,134000,0,250,Tokopedia,Indonesia,Grosir
Wings,Mie Sedap Goreng 1 Box isi 40 pcs Bawang Food,0,143324,0,14,Tokopedia,Indonesia,Grosir
Wings,1 Dus Mie Sedaap Mie Instant Kuah Rasa Ayam Bawang (40 Pcs),0,140000,0,30,Tokopedia,Indonesia,Grosir
Wings,Mie Sedaap Soto 1 Dus isi 40pcs,0,132555,0,30,Tokopedia,Indonesia,Grosir
Wings,1 Dus Mie Instan Soto Sedap Kuah (Isi 40 Pcs)All Varian Rasa / Noodles Food Kari Spicy Ayam Pedas m Bawang Murah Instant,0,138778,0,3,Tokopedia,Indonesia,Grosir
Wings,Mie Sedaap Rasa Soto 1 Dus 40pcs [75gr] Sedap,0,147000,0,100,Tokopedia,Indonesia,Grosir
Wings,MIE SEDAP SEDAAP SOTO KUAH 75gr (1 Dus isi 40 Bungkus),142225,145000,0,250,Tokopedia,Indonesia,Grosir
Wings,TERLARIS - Mie Sedap Goreng [ 1 Dus ] Isi 40 Pcs/ Mie Instan 90 Gram Per Dus/CosmeticViral01,0,143900,0,8,Tokopedia,Indonesia,Grosir
Wings,5 Bungkus MIE SEDAAP KUAH 5 Bungkus Mie Sedap Mi Sedap Mi Sedaap,24158,24905,0,750,Tokopedia,Indonesia,Satuan
Wings,"Mie Sedaap Goreng Pedas Ayam - 1 Dus, Makanan",0,151500,0,1000,Tokopedia,Indonesia,Grosir
Wings,Mie Sedap Goreng 1 dus,0,140000,0,11,Tokopedia,Indonesia,Grosir
Wings,mie sedaap goreng Devina 1 karton,0,148500,0,19,Tokopedia,Indonesia,Grosir
Wings,PAKET HEMAT (1 DUS ISI 40 PCS) MIE SEDAAP GORENG/SOTO/AYAM BAWANG,0,145000,0,3,Tokopedia,Indonesia,Grosir
Wings,Rockzillastore,0,155000,0,8,Tokopedia,Indonesia,Satuan
Wings,Mie Sedap Goreng 1 kardus (isi 40 pcs) – Mie instan goreng sedaap,192000,384000,0,0,Tokopedia,Indonesia,Grosir
Wings,Mie Sedaap Soto (1 dus 40 pcs),0,135000,0,40,Tokopedia,Indonesia,Grosir
Wings,Mie Sedaap Goreng 1 Dus Isi 40pcs,0,135500,0,100,Tokopedia,Indonesia,Grosir
Wings,mie sedaap goreng 1 dus ( isi 40 pcs),0,139000,0,30,Tokopedia,Indonesia,Grosir
Wings,1 DUS MIE SEDAAP GORENG 1 DUS ISI 40 BUNGKUS Mi Sedaap Mie Sedap,0,153005,0,100,Tokopedia,Indonesia,Grosir
Wings,1 dus isi 40 bungkus mie sedaap kuah rasa ayam bawang,0,126000,0,0,Tokopedia,Indonesia,Grosir
Wings,1 karton sedaap goreng Organik,0,160000,0,21,Tokopedia,Indonesia,Grosir
Wings,mie sedaap goreng 1 dus TERMURAH PROMO WIB isi 40 pcs mi instan,0,205000,0,1,Tokopedia,Indonesia,Grosir
Wings,Mie Sedaap Goreng 1 Dus Isi 40 pcs - Mie Instan Goreng,141500,147990,0,9,Tokopedia,Indonesia,Grosir
Wings,10 Pcs Mie Sedaap Rasa Ayam Bawang | Mie Kuah | Mie Instan | Mie Sedaap Food Noodles Pedas Kari,0,39900,0,2,Tokopedia,Indonesia,Bundling
Wings,AGEN SEMBAKO VIRAL -  [ 1 KARTON ] Mie Sedaap Goreng / Mie Goreng Instan 1dus isi 40bungkus,160000,284000,0,30,Tokopedia,Indonesia,Grosir
Wings,mie sedaap goreng instan jelas terasa sedapnya Food Noodles,0,140000,0,7,Tokopedia,Indonesia,Satuan
Wings,Mie sedaap goreng 1dus isi 40pcs /Mie sedaap goreng original dus murah,0,143000,0,70,Tokopedia,Indonesia,Grosir
Wings,TOEKOE 1 Dus Mie Sedaap Goreng Ala Chef Devina Isi 40pcs,0,145799,0,9,Tokopedia,Indonesia,Grosir
Wings,1dus 40pcs Mie Sedaap Selection Singapore Spicy Laksa Varian Premium Kuah Kental Creamy Rasa Gurih Pedas Khas Singapura Mi Instan Kenyal Tebal dengan Bumbu Pasta Laksa dan Minyak Cabai Ready Cepat,0,140000,0,100,Tokopedia,Indonesia,Grosir
Wings,(1 DUS) Mie Sedaap Instant Goreng & Kuah 1 Karton Isi 40 Pcs - All Varian Mie Sedaap - Pangan Sejahtera,140990,200000,0,15,Tokopedia,Indonesia,Grosir
Wings,Mie Sedaap Goreng 1 dus | Mie Goreng Sedaap,0,200000,0,0,Tokopedia,Indonesia,Grosir
Wings,1 DUS MIE INSTAN SEDAP MIE SEDAAP GORENG / KUAH  Makanan Instan Praktis & Lezat untuk Berbagai Kesempatan - Food,0,146788,0,7,Tokopedia,Indonesia,Grosir
Wings,SEDAAP MIE SELECTION KOREAN SPICY CHICKEN/SOUP,0,33500,0,100,Tokopedia,Indonesia,Satuan
Wings,MIE SEDAP GORENG 1DUS ISI 40pcs,0,142999,0,100,Tokopedia,Indonesia,Grosir
Wings,Mie Sedaap Soto 1 Dus Isi 40pcs,0,129900,0,100,Tokopedia,Indonesia,Grosir
Wings,Mie Sedaap goreng isi 20 pcs,0,75000,0,4,Tokopedia,Indonesia,Bundling
Wings,Sedaap Mie Instan Singapore Spicy Laksa 1 Dus isi 40pcs,0,160000,0,9,Tokopedia,Indonesia,Grosir
Wings,Hans Mie sedaap Goreng Original 1 dus,0,134400,0,1,Tokopedia,Indonesia,Grosir
Wings,AGEN SKINCARE VIRAL - [ 1 KARTON ] Mie Sedaap Goreng / Mie Goreng Instan 1dus isi 40bungkus,0,160000,0,26,Tokopedia,Indonesia,Grosir
Wings,Mie Sedaap Instant Goreng Sedap Isi 40 Bungkus Jelas Terasa Sedapnya,0,140000,0,60,Tokopedia,Indonesia,Grosir
Wings,sedaap mie goreng 90 grx40bks (karton) Noodles Food Instan Bawang,0,160000,0,14,Tokopedia,Indonesia,Grosir
Wings,ATIKA BEAUTY SHOP -  [ 1 KARTON ] Mie Sedaap Goreng / Mie Goreng Instan 1dus isi 40bungkus,0,160000,0,29,Tokopedia,Indonesia,Grosir
Wings,Mie sedaapp kuah/ sedaap soto/ ayam bawang/ kari spesial,0,134500,0,10,Tokopedia,Indonesia,Satuan
Wings,Promo 1Karton Mie Sedaap Goreng SOTO Ayam Bawang isi 40Pcs Makanan Instan Enak dan Praktis,0,142000,0,100,Tokopedia,Indonesia,Grosir
Wings,[10pcs] Mie Sedap Goreng 90 gram Mie Instant 1 Bungkus isi 10 pcs Mie Sedaap Goreng 90g,0,39040,0,21,Tokopedia,Indonesia,Bundling
Wings,1 Dus/ Karton Mie Sedaap Goreng | Sedaap Mie Instan Goreng Bag 90 gr x40 [ viralglowing ],0,139900,0,28,Tokopedia,Indonesia,Grosir
Wings,LEBIH HEMAT 10 PCS MIE SEDAAP GORENG INSTAN Noodles,0,35000,0,0,Tokopedia,Indonesia,Bundling
Wings,Mie Sedaap Instant 1 Karton Isi 40 Enak Baru  Mie Sedaap Enak FREE  PACKING BABLE WRAB,0,148900,0,0,Tokopedia,Indonesia,Grosir
Wings,ekomie40pcs mie goreng instan harga ekonomis rasa mantab Food Noodles,62399,80000,0,100,Tokopedia,Indonesia,Satuan
Wings,Intermi Goreng 1 dus isi 40 pcs,0,60000,0,100,Tokopedia,Indonesia,Grosir
Wings,1 Dus Mie Gaga 1000 Goreng & Soto Mie 50gr,0,62400,0,4000,Tokopedia,Indonesia,Grosir
Wings,Sedaap Bumbu Kaldu Ayam Penyedap Rasa 250g,11100,18100,0,3000,Tokopedia,Indonesia,Satuan
Wings,1 Dus Mie Instan Kuah dan Goreng Varian Lengkap Mie Instan Kuah Goreng Varian Tersedia Beberapa Varian Mie Tertera Harga 1 Dus,0,142000,0,750,Tokopedia,Indonesia,Grosir
Wings,1KARTON / 40PCS EKOMI MIE INSTAN RASA GORENG,0,66175,0,1000,Tokopedia,Indonesia,Grosir
Wings,MIX INTERMIE 20 PCS PAKET MIE INSTAN GORENG PEDAS & ORIGINAL INDOFOOD INTERMI,0,40000,0,250,Tokopedia,Indonesia,Bundling
Wings,PAKET SEDAAP MIE,0,33000,0,100,Tokopedia,Indonesia,Satuan
Wings,MIE REBUS UNTUK MIE GORENG,0,25000,0,2000,Tokopedia,Indonesia,Satuan
Wings,Mie Sarimi Isi 2 Mi Goreng Semua Rasa - 24 Pcs,0,87000,0,50,Tokopedia,Indonesia,Satuan
Wings,Sedap Goreng 1 Dus Isi 40pcs - Snack Makanan Ringan - Food Camilan Cemilan Pedas,0,124999,0,17,Tokopedia,Indonesia,Grosir
Wings,Mie Sakura Goreng harga Grosir perkarton (1 karton isi 40 bks),0,80000,0,2000,Tokopedia,Indonesia,Grosir
Wings,Sedaap Kecap Manis Kedelai Hitam Special Pouch 725gx 2 pcs,48800,68100,0,9000,Tokopedia,Indonesia,Bundling
Wings,108pcs/6rtg bumbu Kaldu sedaap (ecer 500 dpt 108pcs/6rtg),0,33999,0,2000,Tokopedia,Indonesia,Satuan
Wings,32 Sachet bumbu kaldu sedaap (2 renteng) - instant Penyedap,13350,17550,0,10000,Tokopedia,Indonesia,Satuan
Wings,Mie Sedaap Instant Goreng Sedap Isi 40,0,149900,0,0,Tokopedia,Indonesia,Grosir
Wings,Mie Sedaap Singapore Spicy Laksa (1 dus 40 pcs),0,135000,0,50,Tokopedia,Indonesia,Grosir
Wings,Mie Sedaap goreng isi 10 pcs,0,42000,0,30,Tokopedia,Indonesia,Bundling
Wings,Mie Sedap Korea Goreng Dus isi 40 pcs / 8 pack x 5 pcs Korean Spicy Chicken Selection mi instan noodle sedaap,0,139500,0,23,Tokopedia,Indonesia,Grosir
Wings,Mie Sedap Soto 1 Dus 40 pcs,0,137000,0,2,Tokopedia,Indonesia,Grosir
Wings,10 bks MI SEDAAP KUAH DAN GORENG ALL VARIAN RASA || ISI 10 KUAH MIX RASA || ISI 10 MI GORENG || Boleh request rasa dipesan opsional waktu co // JATENG,0,33680,0,21,Tokopedia,Indonesia,Bundling
Wings,Mie Sedaap Goreng isi 5 bungkus / Mie Instan goreng / mie sedaap kuah soto,0,18000,0,0,Tokopedia,Indonesia,Bundling
Wings,Sedaap Baked Mie Instan Soto 76 gr x 12 pcs,38300,50300,0,100,Tokopedia,Indonesia,Bundling
Wings,Sedaap Mie Goreng 90 Gr,0,3410,0,2000,Tokopedia,Indonesia,Satuan
Wings,Toko MishaMasha_NEW,146990,149990,0,13,Tokopedia,Indonesia,Satuan
Wings,KZ- Kuah SEDAP MIE INSTAN SOTO 1DUS,0,130000,0,17,Tokopedia,Indonesia,Grosir
Wings,FATIKA BEAUTY SHOP -  [ 1 KARTON ] Mie Sedaap Goreng / Mie Goreng Instan 1dus isi 40bungkus,160000,284000,0,10,Tokopedia,Indonesia,Grosir
Wings,Sedaap Mie Instan Cup Ayam Jerit 75g x6,31900,44600,0,1000,Tokopedia,Indonesia,Satuan
Wings,"Mie Sedaap Soto 20 Bungkus - Makanan Siap Saji - Food, Noodles",0,72000,0,29,Tokopedia,Indonesia,Satuan
Wings,Sedaap Mie Instan Goreng Korean Cheese Buldak 86gr x 20,73700,92400,0,500,Tokopedia,Indonesia,Satuan
Wings,Sedaap Mie Sedaap Goreng Per Isi 10 - Mie Instan Rasa Goreng Lezat dan Sedap,0,31000,0,4,Tokopedia,Indonesia,Bundling
Wings,Sedaap Mie Instan Cup Kari Spesial 81g x3,17300,25800,0,500,Tokopedia,Indonesia,Bundling
Wings,Sedaap Mie Instan Goreng Korean Cheese Buldak 86gr x 5,20400,28400,0,3000,Tokopedia,Indonesia,Bundling
Wings,MIE SEDAAP KUAH ALL VARIANT / MIE INSTANT / MI / KUAH / SEDAP - 1PCS \ 5PCS(GROSIR),0,3000,0,9,Tokopedia,Indonesia,Bundling
Wings,10 bungkus Mie Sedaap Goreng Mie Instan,0,32999,0,0,Tokopedia,Indonesia,Satuan
Wings,TERLARIS MIE SEDAAP GORENG / SOTO 1 DUS ISI 40 BUNGKUS / MIE INSTAN/ Meyzha shoopp,0,143400,0,28,Tokopedia,Indonesia,Grosir
Wings,mie sedaap kari spesial 1 karton isi 40 bungkus,0,140500,0,70,Tokopedia,Indonesia,Grosir
Wings,12 Pcs Mie Sedaap Baked Instan Soto & Goreng,0,37900,0,100,Tokopedia,Indonesia,Bundling
Wings,Sedaap Mie Instan Isi 40 - All Varian,0,145000,0,0,Tokopedia,Indonesia,Grosir
Wings,Mie Sedaap rasa Kari Spesial 75  gr 1 dus isi 40 pcs,137000,145000,0,6,Tokopedia,Indonesia,Grosir
Wings,1 DUS MIE SEDAP VARIAN SOTO DAN GORENG ISI 40 bungkus,0,134500,0,1000,Tokopedia,Indonesia,Grosir
Wings,1 DUS MIE SEDAAP KUAH 1 DUS ISI 40 BUNGKUS Mi Sedaap Mi Sedap,0,144705,0,250,Tokopedia,Indonesia,Grosir
Wings,"Mie Sedaap Rasa Soto 1 Karton Isi 40 Bungkus - Makanan Siap Saji - Noodles, Food goreng",0,142500,0,250,Tokopedia,Indonesia,Grosir
Wings,Sedaap mie instan goreng 1 dus isi 40pcs,0,156000,0,5,Tokopedia,Indonesia,Grosir
Wings,10 Bungkus Mie Sedaap Goreng 90gr - Mie Murah Instan Food,39599,39999,0,1000,Tokopedia,Indonesia,Satuan
Wings,SEDAAP Mie Goreng & Kuah (1dus) Varian Lengkap Food Noodles Instan Ayam Pedas Kuah Iga Bawang Soto Spicy Kari Cheese,0,130500,0,500,Tokopedia,Indonesia,Grosir
Wings,MIE SEDAAP GORENG ORIGINAL DUS (ISI40),0,152000,0,25,Tokopedia,Indonesia,Satuan
Wings,Sedaap Cup Mie Instan Baso Bleduk 77 gr x 12 pcs(Box),61200,82100,0,23,Tokopedia,Indonesia,Grosir
Wings,MIE INSTAN SEDAP AYAM BAWANG 1 dus ISI 40,0,125000,0,23,Tokopedia,Indonesia,Grosir
Wings,13 pcs mie sedap goreng  harga grosir murah ongkir,0,39000,0,13,Tokopedia,Indonesia,Bundling
Wings,Mie sedaap goreng ala chef Devina 93gr paket 1 dus isi 40pics Instan,0,195000,0,9,Tokopedia,Indonesia,Grosir
Wings,"Mie Sedaap Singapore Laksa Pedas Karton - Instan, Goreng, Makanan, Food, Kuah, Noodles",0,142500,0,22,Tokopedia,Indonesia,Grosir
Wings,Mie Sedaap Goreng Dus Isi 40pcs,0,149000,0,4,Tokopedia,Indonesia,Grosir
Wings,12 PCS SEDAAP MI KUAH RASA SOTO 75g,0,55000,0,22,Tokopedia,Indonesia,Bundling
Wings,Mie Sedaap goreng mie goreng per 1 KARTON isi 40 bks mie instant goreng fried noodle,0,140000,0,8,Tokopedia,Indonesia,Grosir
Wings,MIE SEDAP 1 Karton isi 40 pcs Rasa Campur Mix,0,159000,0,30,Tokopedia,Indonesia,Grosir
Wings,Sedaap Kecap Manis Kedelai Hitam Pch 725g,25700,37600,0,10000,Tokopedia,Indonesia,Satuan
Wings,Sedaap Cup Mie Instan Ayam Nampool 75 gr x 12 Pcs,61200,82100,0,250,Tokopedia,Indonesia,Bundling
Wings,HARGA MURAH MIE SEDAAP GORENG 91GR MIE INSTANT ISI 40 / 20 / 10 MURAH MI INSTANT PROMO MURAH,0,147240,0,6,Tokopedia,Indonesia,Grosir
Wings,Mie Sedaap Goreng Kuah All Varian,0,15000,0,0,Tokopedia,Indonesia,Satuan
Wings,Sedaap Baked Mie Instant Soto 76g x6,20400,28600,0,500,Tokopedia,Indonesia,Satuan
Wings,SEDAAP MIE MIE INSTAN GORENG pck 91g Food Noodles,0,124000,0,4,Tokopedia,Indonesia,Satuan
Wings,Mie instan Sedap Soto 1 dus isi 40 grosir,0,120000,0,23,Tokopedia,Indonesia,Grosir
Wings,KZ- INSTANT MIE AYAM BAWANG SEDAP 1Karton,0,129000,0,14,Tokopedia,Indonesia,Grosir
Wings,Sedaap Mie Instan Soto Bag 75gr x 40 Food,0,135000,0,1,Tokopedia,Indonesia,Grosir
Wings,PROMO 1 DUS Mie Sedaap Cup Isi 12 Pcs Harga Terbaik,0,64800,0,7000,Tokopedia,Indonesia,Grosir
Wings,Tiza Bundanya Fatih,36000,36000,0,2,Tokopedia,Indonesia,Satuan
Wings,Mie Sedaap Goreng 90gr x isi 40 (1dus) promo,0,160000,0,100,Tokopedia,Indonesia,Grosir
Wings,TERLARIS - Mie Sedap Goreng [ 1 Dus ] Isi 40 Pcs/ Mie Instan 90 Gram Per Dus/Meyzha shoopp,0,143900,0,100,Tokopedia,Indonesia,Grosir
Wings,Mie Sedaap Goreng Isi 10 pcs,0,39000,0,9,Tokopedia,Indonesia,Bundling
Wings,SEDAAP AYAM BAWANG WINGS FOOD,0,120000,0,3,Tokopedia,Indonesia,Satuan
Wings,PALING MURAH! MIE SEDAAP 1 DUS ISI 40.,0,144050,0,25,Tokopedia,Indonesia,Grosir
Wings,MIE SEDAAP GORENG 1 DUS ISI 40 PCS,0,151000,0,90,Tokopedia,Indonesia,Grosir
Wings,[1Dus] Mie Sedap Instan 1dus isi 40pcs|| All Varian,0,150000,0,4,Tokopedia,Indonesia,Grosir
Wings,Paket Isi 12 Mie Sedaap Goreng,0,45000,0,14,Tokopedia,Indonesia,Bundling
Wings,SEDAAP MIE SINGAPORE SPICY LAKSA 83G,0,3200,0,250,Tokopedia,Indonesia,Satuan
Wings,Mie sedap mie kuah rasa ayam spesial,0,105000,0,0,Tokopedia,Indonesia,Satuan
Wings,Sedaap Mie Instan Singapore Spicy Laksa Isi 40 Porsi Mie Sedaap Selection Rasa Pedas Enak,0,165000,0,4,Tokopedia,Indonesia,Grosir
Wings,5pcs MIE SEDAAP ALL VARIAN MI INSTANT  PAKET HEMAT,18500,50000,0,10,Tokopedia,Indonesia,Bundling
Wings,mie sedap rasa kari ayam dan lain lain,0,106000,0,0,Tokopedia,Indonesia,Satuan
Wings,MIE SEDAAP INSTANT GORENG - PER DUS (40 PCS) / Mie Sedap,0,178000,0,4,Tokopedia,Indonesia,Grosir
Wings,[1 DUS] Mie Sedaap Instant Goreng & Kuah 1 Karton Isi 40 Pcs - Mie Sedaap - Sembako Smart Jaya,143750,200000,0,2,Tokopedia,Indonesia,Grosir
Wings,Mie Sedap Goreng 1 Karton Isi 40 Pcs,0,135000,0,1,Tokopedia,Indonesia,Grosir
Wings,Mie Goreng 1 Dus Mi Instan Enak dan Praktis,0,120000,0,250,Tokopedia,Indonesia,Grosir
Wings,Sedaap Mie Goreng Ala Chef Devina / Dus isi 40 Pcs Instan,0,131500,0,80,Tokopedia,Indonesia,Grosir
Wings,Mie Sedaap Sedap Cup Goreng 1 dus isi 12,0,91900,0,250,Tokopedia,Indonesia,Grosir
Wings,MIE SEDAAP AYAM BAWANG 5X71G,0,19000,0,0,Tokopedia,Indonesia,Satuan
Wings,Sedaap Mie Goreng Instant Isi 40 - Mie Instan Jelas Terasa Sedapnya,0,130000,0,12,Tokopedia,Indonesia,Grosir
Wings,Sedap goreng 1 dus isi 40pcs jelas terasa sedapnya Instan Mie,0,150000,0,11,Tokopedia,Indonesia,Grosir
Wings,MIE SEDAP SELECTION 1DUS ISI 40,0,145000,0,18,Tokopedia,Indonesia,Grosir
Wings,Mie Sedaap Goreng Paket isi 12 Pcs,0,45000,0,14,Tokopedia,Indonesia,Bundling
Wings,mie sedaap goreng 1 dos isi 40 bungkus,0,159000,0,1,Tokopedia,Indonesia,Grosir
Wings,SEDAAP Mie Instan Kari Kental Spesial Bag 76 g x3,12700,19300,0,1000,Tokopedia,Indonesia,Bundling
Wings,Sedaap Mie Instan Goreng Bag 91g,6600,11300,0,100000,Tokopedia,Indonesia,Satuan
Wings,5 Pcs Mie Sedaap Goreng 90g,0,22500,0,100,Tokopedia,Indonesia,Bundling
Wings,Mie Sedap Goreng Noodles Original dan Pedas Karton,0,155000,0,60,Tokopedia,Indonesia,Grosir
Wings,MIE SEDAP SEDAAP GORENG 90gr 1 dus | Mie sedaap 1 dus isi 40 pcs murah (instan),0,158500,0,23,Tokopedia,Indonesia,Grosir
Wings,"Mi Instan Rasa Mie Goreng Sakura - 1 Dus (40 Bungkus) - Food, Pedas, Bawang, Iga, Noodles",0,78000,0,100,Tokopedia,Indonesia,Grosir
Wings,Mie Sedaap All Varian Mix 3 & 4 Rasa 1 Dus 40 Pcs - Bisa Reques Note Catatan,0,143000,0,0,Tokopedia,Indonesia,Grosir
Wings,"Mie Sedaap Goreng Soto isi 5 bks -Makanan Ringan - Food, Noodles",0,20000,0,1,Tokopedia,Indonesia,Bundling
Wings,Sedaap Mie Instan Goreng 90gr x 40,0,120000,0,0,Tokopedia,Indonesia,Grosir
Wings,10pcs Mie Sedaap Instan Goreng dan kuah,0,36990,0,500,Tokopedia,Indonesia,Bundling
Wings,Mie Sedaap Sedap Singapore Spicy Laksa isi 5 Pcs Mie Instant 83 gr,0,19800,0,50,Tokopedia,Indonesia,Bundling
Wings,Sedaap Mie Goreng Chef Devina Instant 1 Dus Isi 40 Pcs Halal dan Rasa Terbaik,0,130000,0,2,Tokopedia,Indonesia,Grosir
Wings,Mie Sedaap Rasa Soto Dus Isi 40pcs,0,145999,0,30,Tokopedia,Indonesia,Grosir
Wings,Mie Sedaap 1 Dus/Mie sedap 1 ctn isi 40 Pcs Goreng,0,146000,0,30,Tokopedia,Indonesia,Grosir
Wings,Sedaap Cup Mie Instan Ayam Jerit 75 gr x 4 pcs,22100,32100,0,3000,Tokopedia,Indonesia,Satuan
Wings,Sedaap Mie Instan Cup Bakso Spesial 77g,8400,13200,0,10000,Tokopedia,Indonesia,Satuan
Wings,1 DUS/12 PCS Mie Sedaap Cup Rawit Bingit Rasa Ayam Jerit,0,59000,0,1,Tokopedia,Indonesia,Grosir
Wings,SEDAAP MIE GORENG ISI 5 X 90 GR,22025,22750,0,250,Tokopedia,Indonesia,Bundling
Wings,MAKANAN MI INSTAN MIE SEDAAP SEDAP RAWIT BINGIT BASO BLEDUK CUP PACK 6'S X 77GR,0,1283750,0,0,Tokopedia,Indonesia,Bundling
Wings,mie sedaap goreng isi 20 bungkus,0,75500,0,750,Tokopedia,Indonesia,Satuan
Wings,MIE SEDAAP KUAH SELECTION,0,3000,0,22,Tokopedia,Indonesia,Satuan
Wings,[1Dus 40 pcs] Mie Sedap Instan All Varian,0,150000,0,15,Tokopedia,Indonesia,Grosir
Wings,5 pcs - Sedaap Mie Goreng Makanan Instan,0,19400,0,1000,Tokopedia,Indonesia,Bundling
Wings,Mie Sedaap Goreng 1pack isi 5bungkus Mie goreng instant,0,20500,0,100,Tokopedia,Indonesia,Bundling
Wings,Mie Sedaap Sedap Goreng isi 5 pcs Mie Goreng Instant 90 gr,0,21100,0,100,Tokopedia,Indonesia,Bundling
Wings,Mie Sedaap Rasa Soto 1 Dus 40pcs [75gr/3kg] ( Promo ),0,148000,0,100,Tokopedia,Indonesia,Grosir
Wings,Mie sedap soto 1 dus | Mie Sedaap kuah soto 1 dus | Mie sedaap soto ku,0,125500,0,5,Tokopedia,Indonesia,Grosir
Wings,Sedaap Baked Mie Instan Soto 76 gr x 48 pcs,145400,180000,0,18,Tokopedia,Indonesia,Satuan
Wings,mie sedaap mie instan macam-macam rasa 12 pcs,0,45000,0,0,Tokopedia,Indonesia,Bundling
Wings,Sedaap Mie Instan Goreng Korean Cheese Buldak 86gr x 15,55900,71100,0,250,Tokopedia,Indonesia,Satuan
Wings,COD Mie sedaap dus goreng soto ayam bawang Food Noodles Instan Kuah Kari Makanan,145040,148000,0,30,Tokopedia,Indonesia,Satuan
Wings,1 dus Mie Sedaap Soto / Ayam Bawang 76g/71g isi 40 pcs,0,135000,0,10,Tokopedia,Indonesia,Grosir
Wings,Sedaap Mie sedaap all variang harga murah perkarton varian rasa lengkap,0,110000,0,2,Tokopedia,Indonesia,Grosir
Wings,Kab. Pasuruan,0,113000,0,7,Tokopedia,Indonesia,Satuan
Wings,Sedap goreng ayam bawang soto kartonan murah Instan Mie,0,149999,0,3,Tokopedia,Indonesia,Grosir
