Nama Produk,Harga Coret,Harga Diskon,Jumlah Terjual
Mie Sedaap Rasa Soto,N/A,Rp 3.500,30 Terjual
Mie sedaap bakso special,N/A,Rp 3.500,57 Terjual
Mie Sedaap Goreng.,N/A,Rp 3.750,196 Terjual
Mie Sedaap Goreng,N/A,Rp 3.500,54 Terjual
SEDAAP MIE KUAH RASA SOTO ISI 5 BUNGKUS X75 GR,N/A,Rp 12.890,1RB+ Terjual
SEDAAP MIE GORENG ISI 5 BUNGKUS X 90 GR,N/A,Rp 16.360,1RB+ Terjual
Mie Sedaap Soto 75gr isi 5 x 8 pack (1 box),N/A,Rp 112.100,10RB+ Terjual
SEDAAP MIE KUAH RASA SOTO ISI 5 BUNGKUS X75 GR,N/A,Rp 12.890,205 Terjual
Sedaap Mie Instan Soto Isi 5 Bag 75 gr,N/A,Rp 15.000,10RB+ Terjual
Sedaap Mie Instan Goreng Isi 5 Bag 90 gr,N/A,Rp 15.800,10RB+ Terjual
"mie sedaap dengan 12 variant, BELI 1 PCS BISA COD",N/A,Rp 4.250,1RB+ Terjual
Sedaap Mie Instan Kari Kental Special Bag 75 gr isi 40 (Kardus),N/A,Rp 120.700,10RB+ Terjual
Sedaap Mie Instan Singapore Spicy Laksa Bag 83 gr x5,N/A,Rp 15.500,10RB+ Terjual
Mie Sedaap Rasa Soto,N/A,Rp 3.500,30 Terjual
SEDAAP MIE CUP SINGAPORE SPICY LAKSA 86 GR,N/A,Rp 5.340,5 Terjual
Sedaap Mie Instan Ayam Bawang Bag 71 gr isi 40 (Kardus),N/A,Rp 105.600,10RB+ Terjual
Mie Sedaap Ramen Yes Bundling [promo beli 2 gratis 1],N/A,Rp 10.500,26 Terjual
Sedaap Mie Instan Korean Spicy Chicken Bag 87 gr isi 40 (Kardus),N/A,Rp 128.200,10RB+ Terjual
Sedaap Mie Instan Ayam Bakar Limau Bag 89 gr Carton (40 pcs),N/A,Rp 128.300,55 Terjual
Sedaap Mie Instan Ayam Bawang Bag 71 gr x5,N/A,Rp 15.500,10RB+ Terjual
Mie Sedaap Soto 75 gr isi 5 + Mie Sedaap Goreng 90 gr isi 5,N/A,Rp 29.700,10RB+ Terjual
Sedaap Mie Instan Ayam Bakar Limau Bag 89 gr x5,N/A,Rp 16.300,10RB+ Terjual
Sedaap Mie Instan Goreng Bag 90 gr Box isi 40,N/A,Rp 128.200,10RB+ Terjual
Sedaap Mie Instant Goreng/Kuah Varian Rasa Lengkap,N/A,Rp 3.900,10RB+ Terjual
Sedaap Mie Instan White Curry Bag 81 gr x5,N/A,Rp 15.400,10RB+ Terjual
Sedaap Mie Instan Ayam Jerit 77 gr x5,N/A,Rp 15.400,10RB+ Terjual
SEDAAP MIE GORENG ISI 5 BUNGKUS X 90 GR,N/A,Rp 16.360,252 Terjual
Mie Sedaap Mi Goreng Mie Instan 5 x 90 gr (4 pack),N/A,Rp 60.300,10RB+ Terjual
Sedaap Mie Instan Korean Spicy Soup Bag 77 gr x5,N/A,Rp 15.400,10RB+ Terjual
Sedaap Mie Instan Goreng Isi 5 Bag 90 gr,N/A,Rp 15.800,10RB+ Terjual
SEDAAP MIE AYAM BAWANG ISI 5,N/A,Rp 14.880,376 Terjual
Sedaap Mie Instan Cup Kari Spesial 81 gr Carton (12 pcs),N/A,Rp 52.100,164 Terjual
SEDAAP MIE KOREAN SPICY CHICKEN 87 GR,N/A,Rp 3.520,428 Terjual
Sedaap Mie Instan Singapore Spicy Laksa 83g x5,N/A,Rp 15.500,10RB+ Terjual
(BHGAA) MIE SEDAAP GORENG limau DAN KUAH ayam bawang spicy kari soto singapore korean 85GR,N/A,Rp 3.478,3RB+ Terjual
Mie Sedaap Goreng 90gr isi 5 Triple Pack,N/A,Rp 45.400,10RB+ Terjual
Mie Sedaap Goreng 90gr x 40 (1 box),N/A,Rp 128.200,2RB+ Terjual
Mie Sedaap Selection Mie Instan Korean Spicy Chicken 5 x 87 gr,N/A,Rp 16.300,4RB+ Terjual
Sedaap Mie Kuah Instant,N/A,Rp 4.500,1RB+ Terjual
Sedaap Mie Instan Goreng Ala Chef Bag 93 gr x5,N/A,Rp 16.300,10RB+ Terjual
Sedaap Mie Instan Singapore Spicy Laksa Bag 83 gr Carton (40 pcs),N/A,Rp 120.700,19 Terjual
Sedaap Mie Instan Singapore Spicy Laksa Bag 83 gr isi 40 (Kardus),N/A,Rp 120.700,10RB+ Terjual
SEDAAP MIE INSTANT 1 DUS ISI 40 ED DES 2026,N/A,Rp 138.996,10RB+ Terjual
Sedaap Mie Instan Kari Ayam Bag 72 gr x5,N/A,Rp 15.400,10RB+ Terjual
Sedaap Mie Instan Cup Ayam Nampool 75 gr Carton (12 pcs),N/A,Rp 52.100,79 Terjual
Sedaap Mie Instan Goreng Ala Chef Bag 93 gr x 10 pcs,N/A,Rp 35.000,642 Terjual
Mie Sedaap Instant Bisa Mix Rasa 1 Karton isi 40 Pcs - Mie Sedap Mix All Variant,N/A,Rp 68.000,182 Terjual
Sedaap Mie Instan x 40 Pcs Per Karton,N/A,Rp 142.700,34 Terjual
Sedaap Mie Instan Goreng Isi 5 Bag 90 gr x3,N/A,Rp 45.400,10RB+ Terjual
SEDAAP Mie Instan Ayam Bawang Bag 70GR Box isi 40 Pcs,N/A,Rp 121.200,473 Terjual
Mie Sedaap All Variant 10 Rasa Instan Enak,N/A,Rp 4.500,216 Terjual
mie sedaap cup goreng 1 dus isi 12 cup,N/A,Rp 59.900,32 Terjual
Sedaap Mie Instan Goreng Isi 5 Bag 90 gr Carton (8 pcs),N/A,Rp 118.000,10RB+ Terjual
Mie Sedaap Mi Instan Ayam Bakar Limau 5 x 89 gr,N/A,Rp 16.300,5RB+ Terjual
"Mie Instan Sedaap Soto 5pcs - Kenyal, Gurih, Praktis",N/A,Rp 13.500,3 Terjual
Sedaap Mie Instan Cup Singapore Spicy Laksa 86 gr Carton (12 pcs),N/A,Rp 52.100,289 Terjual
Mie Sedaap Soto 75 gr isi 5 + Mie Sedaap Goreng 90 gr isi 5,N/A,Rp 29.700,8RB+ Terjual
Sedaap Mie Instan Ayam Bawang Isi 5 Bag 71 gr,N/A,Rp 14.589,7 Terjual
Sedaap Mie Instant Goreng,N/A,Rp 4.700,1RB+ Terjual
Sedaap Mie Instan Goreng Ayam Krispi Bag 88 gr Carton (40 pcs),N/A,Rp 136.100,16 Terjual
Sedaap Mie Instan Goreng Ala Chef Bag 93 gr Carton (40 pcs),N/A,Rp 128.300,74 Terjual
Sedaap Mie Instan Cup Kari Mercon 79 gr x3,N/A,Rp 13.700,10RB+ Terjual
Sedaap Tasty Mie Instan Bakmi Ayam Bag 129 gr Carton (12 pcs),N/A,Rp 74.600,800 Terjual
Sedaap Mie Instan Ayam Spesial 69 gr x5,N/A,Rp 15.900,10RB+ Terjual
Mie Sedaap Rasa Soto,N/A,Rp 3.500,30 Terjual
Mie sedaap bakso special,N/A,Rp 3.500,57 Terjual
Mie Sedaap Goreng.,N/A,Rp 3.750,196 Terjual
Mie Sedaap Goreng,N/A,Rp 3.500,54 Terjual
MI SEDAAP Mie Instan X 5 Pcs,N/A,Rp 22.500,45 Terjual
Sedaap Mie Instan Ayam Spesial 69 gr x5,N/A,Rp 15.900,10RB+ Terjual
Mie Sedaap Mie Instan Rasa Soto 3 x 375 gr,N/A,Rp 43.200,6RB+ Terjual
Sedaap Mie Instan Cup Korean Spicy Chicken 81 gr Carton (12 pcs),N/A,Rp 55.100,133 Terjual
(10/5 PCS) SEDAAP MIE INSTAN ALL VARIAN PAKET HEMAT NOODLE FOOD,N/A,Rp 19.900,4 Terjual
[ 1 dus ] mie sedaap cup rawit bingit,N/A,Rp 54.223,10RB+ Terjual
Sedaap Mie Instan Soto Isi 5 Bag 75 gr x3,N/A,Rp 43.200,10RB+ Terjual
Sedaap Mie Instan Cup Baso Bleduk 77 gr Carton (12 pcs),N/A,Rp 52.100,316 Terjual
Sedaap Mie Instan Cup Soto 81 gr x12,N/A,Rp 52.100,10RB+ Terjual
Mie Sedaap Soto 5 x 75 gr + Mie Sedaap Goreng 5 x 90 gr,N/A,Rp 29.700,10RB+ Terjual
Mie Sedaap Soto 75gr isi 5 x 5 pack,N/A,Rp 71.700,6RB+ Terjual
Sedaap Mie Instan Goreng Ayam Krispi Bag 88 gr x5,N/A,Rp 16.300,10RB+ Terjual
SEDAAP MIE SINGAPORE SPICY LAKSA 83 GR,N/A,Rp 3.410,682 Terjual
Sedaap Mie Instan Ayam Jerit 77 gr Carton (40 pcs),N/A,Rp 129.600,84 Terjual
Sedaap Mie Instan Bakso Spesial Bag 77 gr x5,N/A,Rp 15.500,10RB+ Terjual
Mie Sedaap Goreng Korean Series,N/A,Rp 18.100,1RB+ Terjual
Promo 12 Pcs Mie Ramen Yes Sedaap Varian Kuah/Goreng,N/A,Rp 35.000,35 Terjual
Sedaap Mie Instan Soto Bag 75 gr isi 40 (Kardus),N/A,Rp 120.700,10RB+ Terjual
Sedaap Mie Goreng 1 Praktis Berkualitas,N/A,Rp 3.600,1RB+ Terjual
MIE SEDAAP GORENG limau DAN KUAH ayam bawang spicy kari soto singapore korean 85GR,N/A,Rp 3.478,3RB+ Terjual
SEDAAP MIE GORENG 5X75 GR,N/A,Rp 15.000,60 Terjual
Sedaap Mie Goreng 90 Gr,N/A,Rp 3.520,369 Terjual
Sedaap Mie Instan Cup Baso Bleduk 77 gr x12,N/A,Rp 52.100,10RB+ Terjual
Sedaap Mie Instan Singapore Spicy Laksa Bag 83 gr isi 40 (Kardus),N/A,Rp 128.700,N/A
Sedaap Mie Instan Cup Soto 81 gr Carton (12 pcs),N/A,Rp 52.100,337 Terjual
Sedaap Mie Goreng Intan Salero Padang 86 gr x 2,N/A,Rp 7.500,2RB+ Terjual
MIE SEDAAP Rasa Soto Pack Isi 5,N/A,Rp 21.200,235 Terjual
Mie Instant Mie Sedaap Mie Goreng,N/A,Rp 4.900,3 Terjual
Sedaap Mi Instan Kuah White Curry 81 gr x 5,N/A,Rp 15.400,4RB+ Terjual
"20 Pcs Mie Instan SEDAAP Banyak Rasa (Variasi Pilihan) -Nikmati Kelezatan, Bumbu Otentik, Halal BPOM",N/A,Rp 65.999,70 Terjual
Sedaap Mie Instan Korean Spicy Soup Bag 77 gr x40,N/A,Rp 120.700,10RB+ Terjual
MIE SEDAAP GORENG ISI 5 BKS N1853,N/A,Rp 25.047,5 Terjual
SEDAAP Mie Goreng & Kuah (1dus) Baked Soto Korean Spicy Devina Cheese Food Noodles Instan,N/A,Rp 65.700,412 Terjual
Sedaap Mie Instan Cup Singapore Spicy Laksa 86 gr x3,N/A,Rp 13.700,10RB+ Terjual
Sedaap Mie Instan Ayam Bakar Limau Bag 89 gr x 10 pcs,N/A,Rp 35.000,100 Terjual
Sedaap Mie Instan Goreng Salero Padang Bag 86 gr x3,N/A,Rp 11.000,7RB+ Terjual
Sedaap Mie Instan Cup Singapore Spicy Laksa 86 gr x12,N/A,Rp 52.100,8RB+ Terjual
SEDAAP MIE KARI SPECIAL,N/A,Rp 3.360,180 Terjual
SEDAAP Mie Instan Korean Spicy Chicken Bag Box Isi 40 pcs,N/A,Rp 128.200,405 Terjual
(DUS) MIE SEDAAP MIE INSTAN ISI 40 N1856,N/A,Rp 163.020,3 Terjual
SEDAAP MIE CURRY WHITE 81 GR,N/A,Rp 3.630,376 Terjual
PAKET 3 Mie Sedaap Korean Spicy Chicken 87gr Enak Pedas,N/A,Rp 18.900,N/A
Sedaap Mie Instan Korean Spicy Soup Bag 77 gr x5,N/A,Rp 15.400,9RB+ Terjual
Sedaap Mie Instan Cup Bakso Spesial 77 gr x12,N/A,Rp 52.100,10RB+ Terjual
Sedaap Mie Instan Ayam Bawang Bag 71 gr x5,N/A,Rp 15.500,10RB+ Terjual
SEDAAP Mie Instan Soto Bag 75GR Box isi 40 Pcs,N/A,Rp 120.700,2RB+ Terjual
Mie Sedaap Goreng 72gr,N/A,Rp 23.000,6 Terjual
Mie Sedaap Mie Instan Goreng 40 x 90 gr,N/A,Rp 136.100,10RB+ Terjual
Mie Sedaap Baso Special 5 x 77 gr,N/A,Rp 15.500,7RB+ Terjual
Sedaap Tasty Mie Instan Bakmi Ayam Geprek Bag 124 gr x3,N/A,Rp 17.600,6RB+ Terjual
aneka rasa MIE SEDAAP harga per 5 bks,N/A,Rp 22.900,64 Terjual
Mie Sedaap Korean Spicy Soup 5 x 77 gr,N/A,Rp 15.400,4RB+ Terjual
Sedaap Mie Instan Ayam Jerit 77 gr x 5 pcs,N/A,Rp 15.400,1RB+ Terjual
Mie Sedaap Kuah Sedap Kuah / Mie Sedaap Kuah Rasa Kari Spesial / Sedap Soto / Sedap Ayam Bawang,N/A,Rp 3.132,10RB+ Terjual
SEDAAP Mie Korean Spicy 5pcs x 87gr,N/A,Rp 23.000,164 Terjual
Sedaap Mie Instan Soto Bag 75 gr x5,N/A,Rp 16.200,10RB+ Terjual
Mie Sedaap All Varian Paketan 3 / 5 / 10 pcs,N/A,Rp 11.640,10RB+ Terjual
SEDAAP MIE RASA BASO SPECIAL 77 GR,N/A,Rp 3.630,108 Terjual
Mie Sedaap Rasa Soto,N/A,Rp 3.500,30 Terjual
Mie sedaap bakso special,N/A,Rp 3.500,57 Terjual
Mie Sedaap Goreng.,N/A,Rp 3.750,196 Terjual
Mie Sedaap Goreng,N/A,Rp 3.500,54 Terjual
Sedaap Mie Instan Goreng Salero Padang Bag 86 gr x3,N/A,Rp 11.000,7RB+ Terjual
Mie Instant Mie Sedaap Mie Goreng,N/A,Rp 4.900,3 Terjual
Mie Sedaap Kuah Sedap Kuah / Mie Sedaap Kuah Rasa Kari Spesial / Sedap Soto / Sedap Ayam Bawang,N/A,Rp 3.132,10RB+ Terjual
Mie Sedaap Singapore Spicy Laksa Isi 10 Pcs | Paket Hemat Mie Laksa Pedas Kuah | Mi Sedaap Korea Murah,N/A,Rp 38.900,5 Terjual
SEDAAP MIE CURRY WHITE 81 GR,N/A,Rp 3.630,376 Terjual
SEDAAP MIE MIE INSTANT GORENG 5x91g,N/A,Rp 15.700,N/A
Mie Instant Mie Sedap/ Sedaap Kuah Soto / Baso / Ayam Bawang,N/A,Rp 3.099,5RB+ Terjual
Sedaap Mi Instan Kuah White Curry 81 gr x 5,N/A,Rp 15.400,4RB+ Terjual
MIE SEDAAP GORENG ISI 5 BKS N1853,N/A,Rp 25.047,5 Terjual
SEDAAP MI GORENG ALA CHEF DEVINA 93 GR,N/A,Rp 3.520,42 Terjual
SEDAAP MIE MIE INSTANT GORENG 5x91g,N/A,Rp 15.700,11 Terjual
Sedaap Tasty Mie Instan Bakmi Ayam Geprek Bag 124 gr x3,N/A,Rp 17.600,6RB+ Terjual
Sedaap Mie Instan Soto Isi 5 Bag 75 gr x3,N/A,Rp 43.200,10RB+ Terjual
SEDAAP MIE MIE INSTANT GORENG 5x91g,N/A,Rp 15.700,3 Terjual
SEDAAP MIE MIE INSTANT GORENG 5x91g,N/A,Rp 15.700,8 Terjual
SEDAAP MIE RASA BASO SPECIAL 77 GR,N/A,Rp 3.630,108 Terjual
SEDAAP MIE MIE INSTANT GORENG 5x91g,N/A,Rp 15.700,10 Terjual
Sedaap Mie Instan Korean Spicy Soup Bag 77 gr x5,N/A,Rp 15.400,9RB+ Terjual
Sedaap Mie Instan Goreng Ayam Krispi Bag 88 gr x3,N/A,Rp 11.000,10RB+ Terjual
SEDAAP MIE MIE INSTANT GORENG 5x91g,N/A,Rp 15.700,8 Terjual
Sedaap Mie Instan Cup Singapore Spicy Laksa 86 gr x12,N/A,Rp 52.100,8RB+ Terjual
Mie Sedaap Korean Cheese Buldak Isi 20 Pcs | Paket Hemat Mi Sedaap Korea Pedas Keju | Mie Instan Korea Murah,N/A,Rp 73.900,N/A
Sedaap Mie Instan Ayam Jerit 77 gr x 5 pcs,N/A,Rp 15.400,1RB+ Terjual
Sedaap Tasty Mie Instan Bakmi Ayam Bag 129 gr x2,N/A,Rp 12.000,10RB+ Terjual
Mie Sedaap Baso Special 5 x 77 gr,N/A,Rp 15.500,7RB+ Terjual
Mie Sedap Laksa Singapore Spicy Kuah Pedas 85g,N/A,Rp 3.050,2RB+ Terjual
Sedaap Mie Instan Ayam Spesial 69 gr x3,N/A,Rp 9.700,10RB+ Terjual
Mie Sedaap Semua Rasa Bumbu Spicy Gurih,N/A,Rp 3.400,10RB+ Terjual
40 Pcs Mie Sedaap Instan Karton dengan Pilihan Rasa Beragam,N/A,Rp 150.000,2 Terjual
Mie Sedaap Korean Spicy Soup 5 x 77 gr,N/A,Rp 15.400,4RB+ Terjual
Sedaap Mie Instant Cup,N/A,Rp 7.300,1RB+ Terjual
(1 DUS) MIE SEDAP INSTAN isi 40pcs (All Varian),N/A,Rp 137.000,2 Terjual
SEDAAP MIE MIE INSTANT GORENG 5x91g,N/A,Rp 15.700,6 Terjual
Mie sedaap 1 dus isi 40,N/A,Rp 119.000,37 Terjual
Sedaap Mie Instan Cup Korean Spicy Chicken 81 gr x3,N/A,Rp 14.500,10RB+ Terjual
Mie Sedaap Soto 75 gr isi 5 + Mie Sedaap Goreng 90 gr isi 5,N/A,Rp 29.700,8RB+ Terjual
Sedaap Mie Instan Cup Bakso Spesial 77 gr x12,N/A,Rp 52.100,10RB+ Terjual
Sedaap Mie Instan Cup Singapore Spicy Laksa 86 gr,N/A,Rp 5.600,10RB+ Terjual
Sedaap Mie Instan Goreng Isi 5 Bag 90 gr x3,N/A,Rp 45.400,10RB+ Terjual
MIE SEDAAP Cheese Buldak 5 Pcs x 89 Gr,N/A,Rp 23.000,45 Terjual
Sedaap Mie Instan Cup Singapore Spicy Laksa 86 gr x3,N/A,Rp 13.700,10RB+ Terjual
Sedaap Mie Instan Soto Bag 75 gr isi 40 (Kardus),N/A,Rp 120.700,10RB+ Terjual
"20 Pcs Mie Instan SEDAAP Banyak Rasa (Variasi Pilihan) -Nikmati Kelezatan, Bumbu Otentik, Halal BPOM",N/A,Rp 65.999,70 Terjual
"( 1 Dus ) Mie Instan Sedaap Goreng / Soto / Kari / Ayam Bawang 90g - Rasa Gurih, Praktis, dan Higienis",N/A,Rp 147.000,2 Terjual
Sedaap Mie Instan Ayam Bakar Limau Bag 89 gr x 10 pcs,N/A,Rp 35.000,100 Terjual
SEDAAP MIE MIE INSTANT GORENG 5x91g,N/A,Rp 15.700,3 Terjual
Mie Instant Goreng Soto Kari Sedap sedaap,N/A,Rp 3.600,43 Terjual
Sedaap Mie Instan Ayam Bawang Bag 71 gr x5,N/A,Rp 15.500,10RB+ Terjual
Sedaap Tasty Mie Instan Beef Yakiniku 115 gr x2,N/A,Rp 12.000,2RB+ Terjual
SEDAAP MIE GORENG 5X75 GR,N/A,Rp 15.200,83 Terjual
SEDAAP Mie Instan Korean Spicy Chicken Bag Box Isi 40 pcs,N/A,Rp 128.200,405 Terjual
Mie Sedaap Goreng 72gr,N/A,Rp 23.000,6 Terjual
SEDAAP Mie Korean Spicy 5pcs x 87gr,N/A,Rp 23.000,164 Terjual
Mie Sedaap Soto 75gr isi 5 x 5 pack,N/A,Rp 71.700,6RB+ Terjual
aneka rasa MIE SEDAAP harga per 5 bks,N/A,Rp 22.900,64 Terjual
Mie Sedaap Mi Instan Goreng 3 x 90 gr,N/A,Rp 11.000,10RB+ Terjual
(DUS) MIE SEDAAP MIE INSTAN ISI 40 N1856,N/A,Rp 163.020,3 Terjual
Sedaap Mie Instan Ayam Bawang Bag 71 gr Carton (40 pcs),N/A,Rp 130.100,N/A
"MIE SEDAAP KUAH KARI, SOTO SPESIAL, KOREAN SPICY, AYAM BAWANG, LAKSA PEDAS",N/A,Rp 5.000,5RB+ Terjual
Mie Sedaap Rasa Soto,N/A,Rp 3.500,30 Terjual
Mie sedaap bakso special,N/A,Rp 3.500,57 Terjual
Mie Sedaap Goreng.,N/A,Rp 3.750,196 Terjual
Mie Sedaap Goreng,N/A,Rp 3.500,54 Terjual
Sedaap Mie Instan Cup Korean Spicy Chicken 81 gr x12,N/A,Rp 55.100,7RB+ Terjual
SEDAAP Mie Instan Korean Spicy Chicken Bag Box Isi 40 pcs,N/A,Rp 128.200,405 Terjual
Sedaap Mie Instan Bakso Spesial Bag 77 gr x5,N/A,Rp 15.500,10RB+ Terjual
Mie Sedaap Goreng 72gr,N/A,Rp 23.000,6 Terjual
Sedaap Mie Instan Ayam Bawang Bag 71 gr Carton (40 pcs),N/A,Rp 130.100,N/A
SEDAAP MIE MIE INSTANT GORENG 5x91g,N/A,Rp 15.700,7 Terjual
Mie Sedaap Kuah All Varian 5 Pcs Kenyal,N/A,Rp 18.000,10RB+ Terjual
Sedaap Mie Instan Goreng Ayam Krispi Bag 88 gr x5,N/A,Rp 16.300,10RB+ Terjual
Mie Sedaap Kari Ayam 5 x 72gr,N/A,Rp 15.400,6RB+ Terjual
Sedaap Mie Instan Ayam Jerit 77 gr x 10 pcs,N/A,Rp 33.300,927 Terjual
"Sedaap Mie Instan Goreng 90gr [Karton], mie sedaap 1 kardus",N/A,Rp 137.900,2 Terjual
SEDAAP MIE MIE INSTANT GORENG 5x91g,N/A,Rp 15.700,7 Terjual
Mie Sedaap Mi Instan Goreng 3 x 90 gr,N/A,Rp 11.000,10RB+ Terjual
Mie Sedap Isi 5 Bungkus - Banded Packaging,N/A,Rp 16.900,72 Terjual
SEDAAP MIE GORENG AYAM BAKAR LIMAU 89G,N/A,Rp 3.840,52 Terjual
Mie sedaap soto isi 5,N/A,Rp 14.500,41 Terjual
Mie Sedaap Mie Instan Goreng 40 x 90 gr,N/A,Rp 136.100,10RB+ Terjual
SEDAAP MIE SINGAPORE SPICY LAKSA 83 GR,N/A,Rp 3.410,136 Terjual
SEDAAP MIE KUAH RASA SOTO MADURA 82G,N/A,Rp 3.410,28 Terjual
Mie Sedaap Selection Paket 3 - 10 pcs,N/A,Rp 11.834,2RB+ Terjual
SEDAAP MIE GORENG ALA CHEF 93GR,N/A,Rp 3.600,64 Terjual
Mie Sedaap Mie Instan Goreng Ayam Krispi 5 x 88 gr,N/A,Rp 16.300,5RB+ Terjual
Mie Sedaap Mie Instan Goreng 5 x 90 gr,N/A,Rp 18.100,10RB+ Terjual
Sedaap Mie Instan Cup Soto 81 gr Carton (12 pcs),N/A,Rp 52.100,337 Terjual
SEDAAP MIE MIE INSTANT GORENG 5x91g,N/A,Rp 15.700,12 Terjual
mie sedap goreng,N/A,Rp 3.150,10RB+ Terjual
Sedaap Mie Instan Goreng Ala Chef Bag 93 gr x 3 pcs,N/A,Rp 11.000,959 Terjual
Mie Sedaap Mi Instan Kari Spesial 4 x 75 gr,N/A,Rp 13.900,4RB+ Terjual
Sedaap Mie Instan Soto Bag 75 gr x5,N/A,Rp 16.200,10RB+ Terjual
Sedaap Tasty Mie Instan Beef Yakiniku 115 Gr x 7,N/A,Rp 43.700,255 Terjual
Sedaap Mie Instan Cup Korean Spicy Soup 75 gr x12,N/A,Rp 55.100,1RB+ Terjual
MIE SEDAAP MIE INSTAN N1855,N/A,Rp 8.711,N/A
MIE SEDAAP CUP N1857,N/A,Rp 10.889,2 Terjual
[PCS] SEDAAP MIE INSTAN CUP SELECTION SINGAPORE SPICY LAKSA 86 GR,N/A,Rp 7.500,2 Terjual
Mie Sedaap Instant Goreng 90 gr x 2,N/A,Rp 7.500,10RB+ Terjual
SEDAAP MIE MIE INSTANT GORENG 5x91g,N/A,Rp 15.700,1 Terjual
Mie Instan Sedaap Goreng 1 Dus isi 40 Pcs,N/A,Rp 144.900,N/A
Mie Sedaap Goreng 91gr paket kemasan 5pcs termurah,N/A,Rp 19.500,22 Terjual
Sedaap Mie Kari Ayam 72 Gr,N/A,Rp 3.410,350 Terjual
Sedaap Mie Instan Goreng Ala Chef Bag 93 gr x40,N/A,Rp 128.300,9RB+ Terjual
Mie Sedaap Mi Instan Kuah Soto 3 x 75 gr,N/A,Rp 10.500,2RB+ Terjual
Mie Sedaap Cup Selection Korean Spicy Chicken ( 1 Dus Isi 12 Cup ),N/A,Rp 73.500,2 Terjual
SEDAAP Mie Instan Soto Bag 75GR Box isi 40 Pcs,N/A,Rp 120.700,2RB+ Terjual
Sedaap Baked Mie Instan Goreng Bag 87 gr Carton (24 pcs),N/A,Rp 70.200,54 Terjual
1 DUS Mie Sedaap Cup All Varian Rasa Isi 12 pcs,N/A,Rp 61.749,5RB+ Terjual
Mie Sedaap Mie Instan Kari Kental Spesial 2 x 76 gr,N/A,Rp 7.200,10RB+ Terjual
PAKET 1 KARTON MIE SEDAAP INSTANT 75gr 90gr 92 gr x 40 PRLA MIE SEDAP,N/A,Rp 122.290,628 Terjual
JRstore - IND - MIE SEDAAP PROMO!!! 1 DUS ISI 40 BISA CAMPUR ALL VARIAN MIX / CAMPUR 1 DUS ISI 40 PCS [EXP 2027 COD,N/A,Rp 141.083,752 Terjual
Sedaap Mie Instan Cup Kari Mercon 79 gr x9 Free Lanyard,N/A,Rp 45.900,162 Terjual
Mie Sedaap Kuah Rasa Soto 75 gr dan Rasa Ayam Bawang ( 1 Dus Isi 40 Pcs ),N/A,Rp 142.900,N/A
40 Pcs Mie Instan Sedaap Goreng & Kuah Kartonan,N/A,Rp 127.000,2 Terjual
Sedaap Mie Instan Cup Kari Mercon 79 gr x 2 pcs,N/A,Rp 10.800,712 Terjual
Mie Sedaap Campur Isi 20 Pcs | Goreng 10 + Soto 10 | Paket Hemat Mie Instan Mix Original Murah,N/A,Rp 72.900,1 Terjual
SEDAAP MIE GORENG BAG 5S,N/A,Rp 17.800,37 Terjual
Mie Sedaap Mie Instan Korean Spicy Soup 77 gr x 15,N/A,Rp 49.700,73 Terjual
Mie Sedaap Goreng Isi 5 X 75gr Kenyal Dan Bawang Goreng,N/A,Rp 25.000,101 Terjual
MIE SEDAAP KOREAN SPICY CHICKEN 1 DUS ISI 40PCS,N/A,Rp 151.000,5 Terjual
Mie sedap SEDAAP all varian/mie sedap all varian goreng soto bakso koreo laksa spicy PROMO MURAH !!!,N/A,Rp 3.342,1RB+ Terjual
SEDAAP TASTY BAKMI AYAM GEPREK MATAH 129GR,N/A,Rp 6.190,13 Terjual
Mie Sedaap Soto 2 x 75 gr,N/A,Rp 7.200,8RB+ Terjual
Mie Sedaap Rasa Soto,N/A,Rp 3.500,30 Terjual
Mie sedaap bakso special,N/A,Rp 3.500,57 Terjual
Mie Sedaap Goreng.,N/A,Rp 3.750,196 Terjual
Mie Sedaap Goreng,N/A,Rp 3.500,54 Terjual
Mie Sedaap Campur Isi 20 Pcs | Goreng 10 + Soto 10 | Paket Hemat Mie Instan Mix Original Murah,N/A,Rp 72.900,1 Terjual
SEDAAP MIE GORENG BAG 5S,N/A,Rp 17.800,37 Terjual
40 Pcs Mie Instan Sedaap Goreng & Kuah Kartonan,N/A,Rp 127.000,2 Terjual
Mie Sedaap Goreng Isi 5 X 75gr Kenyal Dan Bawang Goreng,N/A,Rp 25.000,101 Terjual
SEDAAP MIE AYAM BAWANG ISI 5 71 GR,N/A,Rp 13.290,7 Terjual
SEDAAP MIE GORENG 5X75 GR,N/A,Rp 15.200,83 Terjual
MIE SEDAAP GORENG limau DAN KUAH ayam bawang spicy kari soto singapore korean 85GR,N/A,Rp 3.478,3RB+ Terjual
Sedaap Mie Instan Goreng Bag 90 gr x40,N/A,Rp 128.200,10RB+ Terjual
SEDAAP MIE KOREAN SPICY CHICKEN 87 GR,N/A,Rp 3.520,95 Terjual
Sedaap Mie Kuah Instan Baso Spesial 7 x 77 gr,N/A,Rp 24.000,272 Terjual
SEDAAP MIE SOTO,N/A,Rp 3.500,237 Terjual
Mie Sedaap Sedap Singapore Spicy Laksa isi 5 Pcs Mie Instant Kuah 83 gr,Rp 18.000,Rp 800,345 Terjual
Mie Sedaap Soto 2 x 75 gr,N/A,Rp 7.200,8RB+ Terjual
Sedaap Mie Instan Cup Ayam Nampool 75 gr x3,N/A,Rp 13.700,10RB+ Terjual
Mie sedaap isi 5pcs x 90gr soto/goreng,N/A,Rp 16.100,44 Terjual
Mie Sedaap Mie Instan Cup Mie Goreng 3 x 85 gr,N/A,Rp 14.500,3RB+ Terjual
MIE SEDAAP RASA AYAM BAWANG 1 DUS ISI 40PCS,N/A,Rp 144.000,8 Terjual
1 Dus Mie Instan Sedaap Goreng 40 Pcs,N/A,Rp 133.280,17 Terjual
Sedaap Mie Instan Kuah Soto Madura Bag 82 gr x40,N/A,Rp 120.700,2RB+ Terjual
Sedaap Mie Instan Ayam Jerit 77 gr x 2 pcs,N/A,Rp 7.200,1RB+ Terjual
Mie sedap SEDAAP all varian/mie sedap all varian goreng soto bakso koreo laksa spicy PROMO MURAH !!!,N/A,Rp 3.342,1RB+ Terjual
SEDAAP MIE GORENG 5X75 GR,N/A,Rp 14.800,27 Terjual
Mie Sedap Sedaap Goreng Instant Korean Spicy Chicken - ASIA BEST,N/A,Rp 4.290,10 Terjual
Mie SedAAP aLL vARIAN 77 gr ( 1 dUS ),N/A,Rp 137.700,6 Terjual
Mie Sedaap Cup Selection Korean Spicy Chicken ( 1 Dus Isi 12 Cup ),N/A,Rp 73.500,2 Terjual
"Sedaap Mie Instant Goreng Kuah isi 5 pcs- Praktis, Lezat, Higienis",N/A,Rp 15.700,345 Terjual
Sedaap Mie Instan Korean Spicy Soup Bag 77 gr x40,N/A,Rp 120.700,10RB+ Terjual
Sedaap Mie Instan Goreng Ala Chef Bag 93 gr x 2 pcs,N/A,Rp 7.500,1RB+ Terjual
1Dus Mie Sedaap Goreng/Soto/Ayam Bawang,N/A,Rp 136.500,N/A
Mie Sedaap Goreng Isi 10 Pcs I Sedap Goreng 90gram,N/A,Rp 35.000,82 Terjual
[1 Dus] Mie Sedaap Goreng 91 Gram 40 Pcs - Mie Sedaap Goreng Nikmat 1 Karton,N/A,Rp 126.990,8 Terjual
MIE SEDAAP GORENG 1 DUS 40PCS,N/A,Rp 151.000,4 Terjual
Mie Sedaap Mie Instan Ayam Spesial 3 x 69 gr,N/A,Rp 9.700,1RB+ Terjual
MIE SEDAAP CUP Goreng KOREAN SPICY CHICKEN 81GR,N/A,Rp 7.500,7 Terjual
Sedaap Mie Instan Ayam Jerit 77 gr x 3 pcs,N/A,Rp 10.500,1RB+ Terjual
[1 Dus ] Mie Sedaap Korean Spicy Chicken 87 Gram 40 Pcs - Mie Selection - Mie Sedaap Goreng Nikmat Pedas 1 Karton Seaweed Crunch,N/A,Rp 126.990,5 Terjual
Sedaap Mie Ayam Bawang 70 Gr,N/A,Rp 3.410,213 Terjual
Mie Sedaap Soto Isi 5 x 75gr,N/A,Rp 25.000,54 Terjual
Sedaap Mie Instan Goreng Cup 4 x 85 gr,N/A,Rp 22.100,4RB+ Terjual
Mie Sedaap Instan Bakso Spesial 4 x 77 gr,N/A,Rp 13.900,1RB+ Terjual
Sedaap Mie Instan Cup Baso Bleduk 77 gr,N/A,Rp 5.600,10RB+ Terjual
SEDAAP MIE MIE INSTANT GORENG 5x91g,N/A,Rp 15.700,N/A
NOODLE SEDAAP MIE CUP AYAM JERIT 75 GR,N/A,Rp 5.230,221 Terjual
[GROSIR] Mie Sedaap Goreng 1 Dus Isi 40 pcs Mie Instan Harga Murah & Original,N/A,Rp 139.500,117 Terjual
Sedaap Mie Instan Cup Ayam Nampool 75 gr x12,N/A,Rp 52.100,1RB+ Terjual
SEDAAP MIE GORENG 5X75 GR,N/A,Rp 15.200,22 Terjual
MIE SEDAAP INSTAN KUAH DAN GORENG,N/A,Rp 3.150,9RB+ Terjual
SEDAAP MIE MIE INSTANT GORENG 5x91g,N/A,Rp 15.700,6 Terjual
Mie Instan Sedaap Soto - Mie Sedaap Banded Kemasan Baru,N/A,Rp 129.000,1 Terjual
KZ - mie sedaap tasty beef yakiniku & chicken teriyaki 115g,N/A,Rp 7.950,61 Terjual
Mie Sedaap Mie Instan Goreng 5 x 75 gr,N/A,Rp 19.600,2 Terjual
Mie Sedaap Goreng 90gr x 20,N/A,Rp 69.400,179 Terjual
SEDAAP MIE KUAH RASA SOTO ISI 5 BUNGKUS X75 GR,N/A,Rp 12.990,1RB+ Terjual
Mie Sedap Mie Instan Kuah / Goreng All Varian,N/A,Rp 3.550,21 Terjual
Mie Sedaap Ayam Bawang Isi 20 Pcs | Paket Hemat Mie Instan Ayam Bawang | Mi Sedaap Original,N/A,Rp 72.900,N/A
Sedaap Mie Instan Ayam Bawang Bag 71 gr x 3 pcs,N/A,Rp 10.600,976 Terjual
Mie Sedaap Selection Mie Instan Singapore Spicy Laksa 6 x 83 gr,N/A,Rp 20.600,1RB+ Terjual
SEDAAP MIE KOREAN SPICY CHICKEN CUP 81 GR,N/A,Rp 5.340,120 Terjual
Sedaap Mie Instan Ayam Bawang Bag 71 gr x 10 pcs,N/A,Rp 33.500,154 Terjual
Sedaap Mie Instan Cup Soto 81 gr Carton (12 pcs),N/A,Rp 52.100,337 Terjual
Mie Sedaap Rasa Soto,N/A,Rp 3.500,30 Terjual
Mie sedaap bakso special,N/A,Rp 3.500,57 Terjual
Mie Sedaap Goreng.,N/A,Rp 3.750,196 Terjual
Mie Sedaap Goreng,N/A,Rp 3.500,54 Terjual
SEDAAP MIE KARI SPC 75GR,N/A,Rp 3.000,5 Terjual
SEDAAP MI KUAH RASA SOTO ISI 5BKS @75 GR KARTON,N/A,Rp 122.780,3 Terjual
Sedaap Mie Instan Soto Bag 75 gr x40,N/A,Rp 120.700,10RB+ Terjual
Mie Sedaap Mie Instan Ayam Spesial 3 x 69 gr,N/A,Rp 9.700,1RB+ Terjual
Mie Instan - Mie Sedaap Mix Variant Goreng dan Kuah - 1 dus - 40 Pcs (Best Seller),N/A,Rp 149.100,26 Terjual
SEDAAP MIE GORENG 5X75 GR,N/A,Rp 15.200,22 Terjual
Sedaap Mie Instan Singapore Spicy Laksa Bag 83 gr x40,N/A,Rp 120.700,10RB+ Terjual
Mie Sedaap All varian 1 Dus Mix Rasa isi 40 Pcs,N/A,Rp 143.000,899 Terjual
Mie Sedaap Selection Mie Instan Singapore Spicy Laksa 6 x 83 gr,N/A,Rp 20.600,1RB+ Terjual
[MS] (DAPAT 10 BIJI) MIE SEDAAP ANEKA RASA,N/A,Rp 35.900,35 Terjual
MIE SEDAAP Tasty Bakmi Ayam 129gr,N/A,Rp 9.100,212 Terjual
Sedaap Mie Instan Ayam Bawang Bag 71 gr x 10 pcs,N/A,Rp 33.500,154 Terjual
Mie Instan Sedaap Soto - Mie Sedaap Banded Kemasan Baru,N/A,Rp 129.000,1 Terjual
SEDAAP MIE CUP RASA BASO BLEDUK 77G,N/A,Rp 5.230,177 Terjual
Sedap MIE GORENG PAKET ISI 5'S Kemasan Baru Lebih Hemat,N/A,Rp 20.806,276 Terjual
[Buy 3 Get 1] Mie Sedaap Goreng 90 Gr x 3 - Free Mie Sedaap Salero Padang,N/A,Rp 14.600,4RB+ Terjual
SEDAAP MIE MIE INSTANT GORENG 5x91g,N/A,Rp 15.700,1 Terjual
Sedaap Mie Instant Goreng 5x90g Kenyal Halal,N/A,Rp 16.500,80 Terjual
Paket 6 Cup Mie Sedaap Cup Semua Varian,N/A,Rp 35.100,850 Terjual
Mie Sedap Soto Isi 5 Rasa Autentik,N/A,Rp 14.500,195 Terjual
5 Pcs Mie Instan Goreng Sedaap,N/A,Rp 24.999,710 Terjual
Mie Sedaap Cup Goreng ( 1 Dus Isi 12 Cup ),N/A,Rp 70.500,3 Terjual
Sedaap Mie Instan Ayam Bawang Bag 11 x 70 gr,N/A,Rp 36.800,72 Terjual
Mie Sedaap Korean Spicy Chicken 87 gr x 5,N/A,Rp 18.100,8RB+ Terjual
Sedaap Mie Instan Goreng Bag 90 gr x5,N/A,Rp 18.100,10RB+ Terjual
SEDAAP MIE MIE INSTANT GORENG 5x91g,N/A,Rp 15.700,9 Terjual
SEDAAP MIE AYAM BAWANG ISI 5 71 GR,N/A,Rp 13.290,7 Terjual
Mie sedaap kari kental special 76gr,N/A,Rp 2.500,15 Terjual
Sedaap Mie Instan Ayam Bawang Bag 71 gr x 3 pcs,N/A,Rp 10.600,976 Terjual
6pcs Sedaap Tasty Mie Instan Ayam Geprek Beef Yakiniku Chicken Teriyaki Ayam Bakmi Food Noodles,N/A,Rp 42.000,53 Terjual
MIE SEDAAP GORENG DUS ISI 40 PC,N/A,Rp 149.900,12 Terjual
1 karton Mie Sedaap Goreng 1 Karton Isi 40 Pcs Mie Instan Favorit,N/A,Rp 144.500,6 Terjual
Sedaap Mie Instan Cup Kari Mercon 79 gr x12,N/A,Rp 52.100,6RB+ Terjual
[ 1 dus ] mie sedaap cup kuah isi 12 cup,N/A,Rp 56.250,10RB+ Terjual
MIE SEDAAP Goreng Ayam Bakar Limau 5pcs x 89gr,N/A,Rp 23.000,32 Terjual
Sedaap Mie Instan Ayam Bawang Bag 71 gr x40,N/A,Rp 121.200,10RB+ Terjual
Sedaap Mie Instan Cup Kari Spesial 8 x 81 gr,N/A,Rp 40.900,1RB+ Terjual
MIE SEDAAP Cup Mie Goreng 3pcs x 81gr,N/A,Rp 21.900,49 Terjual
Mie Sedaap Mi goreng series,N/A,Rp 5.000,20 Terjual
Sedaap Mie Instan Kari Kental Special Bag 75 gr isi 40 (Kardus),N/A,Rp 120.700,10RB+ Terjual
Mie Sedaap Mie Instant Soto Madura 82gr x 15,N/A,Rp 49.700,43 Terjual
Mie Sedaap MIX Campur Rasa Sesuka Hati 1 Dus isi 40 Bungkus [Tulis di Note],N/A,Rp 144.457,243 Terjual
mie sedaap goreng 40pcs,N/A,Rp 140.600,2 Terjual
[DIJUAL PER DUS ISI 40] Mie Sedaap Sedap Kuah dan Goreng All Varian / Mie Instan,N/A,Rp 129.500,1RB+ Terjual
Sedaap Mie Instan Ayam Bawang Bag 71 gr x 2 pcs,N/A,Rp 7.200,910 Terjual
Mie Sedaap Mie Instan Kari Ayam 72 gr x 15,N/A,Rp 49.700,86 Terjual
Sedaap Mie Instant isi 5 Goreng Soto,N/A,Rp 20.900,246 Terjual
Mie Sedaap Mie Instan Cup Baso Bleduk 5 x 77 gr,N/A,Rp 26.300,3RB+ Terjual
"Mie Instan Sedaap Goreng 5 Pcs - Praktis, Lezat, dan Higienis",N/A,Rp 21.500,5 Terjual
Mie Sedaap Mie Instan Goreng Triple pack 3 x 450 gr,N/A,Rp 45.400,10RB+ Terjual
Sedaap Mie Instan Singapore Spicy Laksa Bag 83 gr isi 40 (Kardus),N/A,Rp 120.700,10RB+ Terjual
Sedaap Mie Instan Goreng Ayam Krispi 88 gr x 4,N/A,Rp 14.600,807 Terjual
MIE SEDAAP ALL VARIAN / MIE SEDAAP ALL VARIAN GORENG SOTO MADURA KOREAN SPICY CHICKEN SOTO PEDAS,N/A,Rp 3.594,4RB+ Terjual
SEDAAP Mie Goreng Isi 5 Pack,N/A,Rp 22.600,215 Terjual
Mie Sedaap Goreng Mi Sedap Kuah / MI SEDAP / MIE SEDAAP ecer,N/A,Rp 3.600,1RB+ Terjual
SEDAAP Mie Kari Ayam 5pcs x 72gr,N/A,Rp 22.000,45 Terjual
Mie Sedaap Selection Mie Instan Singapore Spicy Laksa 83 gr x 15,N/A,Rp 49.700,74 Terjual
Mie Sedaap Goreng,N/A,Rp 3.850,10RB+ Terjual
SEDAAP MIE MIE INSTANT GORENG 5x91g,N/A,Rp 15.700,137 Terjual
Mie Sedaap Rasa Soto,N/A,Rp 3.500,30 Terjual
Mie sedaap bakso special,N/A,Rp 3.500,57 Terjual
Mie Sedaap Goreng.,N/A,Rp 3.750,196 Terjual
Mie Sedaap Goreng,N/A,Rp 3.500,54 Terjual
MIE SEDAAP GORENG DUS ISI 40 PC,N/A,Rp 149.900,12 Terjual
MIE SEDAAP ALL VARIAN / MIE SEDAAP ALL VARIAN GORENG SOTO MADURA KOREAN SPICY CHICKEN SOTO PEDAS,N/A,Rp 3.594,4RB+ Terjual
SEDAAP Mie Kari Ayam 5pcs x 72gr,N/A,Rp 22.000,45 Terjual
Mie Sedaap Kuah Rasa Soto 1 Karton,N/A,Rp 145.980,12 Terjual
Mie Sedaap Mi goreng series,N/A,Rp 5.000,20 Terjual
Sedaap Mie Instan Goreng Ayam Krispi 88 gr x 4,N/A,Rp 14.600,807 Terjual
Sedap MIE GORENG PAKET ISI 5'S Kemasan Baru Lebih Hemat,N/A,Rp 20.806,276 Terjual
Sedaap Mie Instant Goreng 5x90g Kenyal Halal,N/A,Rp 16.500,80 Terjual
SedAAP Mie Soto 5pcs x 75gr,N/A,Rp 22.000,56 Terjual
SEDAAP MIE MIE INSTANT GORENG 5x91g,N/A,Rp 15.700,9 Terjual
SEDAAP MIE SOTO 5X75G,N/A,Rp 13.000,133 Terjual
Sedaap Mie Instan Cup Kari Mercon 79 gr x12,N/A,Rp 52.100,6RB+ Terjual
Mie Sedaap paket isi 5 pcs,N/A,Rp 20.000,211 Terjual
Sedaap Mie Instan Soto Ayam 5 x 75g Kuah Gurih,N/A,Rp 16.350,417 Terjual
Sedaap Mie Instant isi 5 Goreng Soto,N/A,Rp 20.900,246 Terjual
Mie Sedaap Mie Instan Cup Baso Bleduk 5 x 77 gr,N/A,Rp 26.300,3RB+ Terjual
SEDAAP MIE MIE INSTANT GORENG 5x91g,N/A,Rp 15.700,137 Terjual
SEDAAP MIE GORENG 5X75 GR,N/A,Rp 14.800,117 Terjual
MIE SEDAAP Cup Mie Goreng 3pcs x 81gr,N/A,Rp 21.900,49 Terjual
Sedaap Mie Instan Cup Baso Bleduk 77 gr x3,N/A,Rp 13.700,10RB+ Terjual
Sedaap Mie Instan Cup Kari Spesial 8 x 81 gr,N/A,Rp 40.900,1RB+ Terjual
Sedaap Mie Instan Ayam Bakar Limau Bag 89 gr x 5 pcs,N/A,Rp 18.100,21 Terjual
Mie Sedaap All Variant Goreng & Kuah Enak,N/A,Rp 5.200,406 Terjual
SEDAAP MIE SOTO 5X75G,N/A,Rp 13.000,29 Terjual
Mie Sedaap Cup Instant 12 Pcs Per Karton,N/A,Rp 62.800,48 Terjual
SEDAAP MIE INSTANT KUAH/GORENG AYAM BAWANG/BAKSO SPESIAL/SOTO/SINGAPORE SIPCY LAKSA/WHITE CURRY MIE GORENG SEDAP / MIE SEDAAP,N/A,Rp 3.500,532 Terjual
- TOKO RED MARKET- MIE SEDAAP SOTO KUAH MIE SEDAAP KUAH RASA SOTO,N/A,Rp 3.000,20 Terjual
Sedaap Mie Instan Cup Goreng 81 gr Carton (12 pcs),N/A,Rp 64.000,425 Terjual
Sedaap Mie Instan Goreng Bag 90 gr,N/A,Rp 4.000,10RB+ Terjual
Mie Sedaap Mie Instan Cup Korean Spicy Chicken 5 x 81 gr,N/A,Rp 27.500,840 Terjual
(1 DUS ISI 24 PCS) MIE SEDAAP BAKED GORENG / SOTO,N/A,Rp 65.500,107 Terjual
Sedaap Mie Goreng Isi 5Bks @ 90g Taburan Bawang Goreng,N/A,Rp 15.720,163 Terjual
Mie Sedaap All varian 1 dus Bisa Mix / Campur 40 Pcs,N/A,Rp 140.000,217 Terjual
Sedaap Mie Instan Cup Kari Mercon 79 gr Carton (12 pcs),N/A,Rp 52.100,219 Terjual
Sedaap Mie Instan Cup Ayam Jerit 75 gr,N/A,Rp 5.600,10RB+ Terjual
1 dus mie sedaap 75g x 40 bungkus,N/A,Rp 137.000,598 Terjual
SEDAAP MIE INSTAN GORENG 90 GR,N/A,Rp 4.620,2RB+ Terjual
SEDAAP MIE KUAH RASA SOTO ISI 5 BUNGKUS X75 GR,N/A,Rp 12.790,244 Terjual
Sedaap Mie Instan Kari Ayam Bag 72 gr Carton (40 pcs),N/A,Rp 129.600,54 Terjual
SEDAAP MIE KOREAN CHEESE BULDAK 86GR,N/A,Rp 3.600,313 Terjual
Sedaap Mie Instan Korean Spicy Chicken Bag 87 gr x40,N/A,Rp 128.200,10RB+ Terjual
Sedaap Mie Instan Cup Ayam Nampool 75 gr x 5 pcs,N/A,Rp 26.300,67 Terjual
Sedaap Mie Instan Goreng Salero Padang Bag 86 gr x40,N/A,Rp 128.200,1RB+ Terjual
Sedaap mie isi 5,N/A,Rp 10.000,N/A
SEDAP MIE LAKSA (isi 10 bks),N/A,Rp 33.100,102 Terjual
SEDAAP Mie Instan Cup Ayam Nampool 75gr x 10,N/A,Rp 50.900,556 Terjual
Sedaap Mie Instan Korean Spicy Soup Bag 77 gr Carton (40 pcs),N/A,Rp 120.700,201 Terjual
Sedaap Mie Instan Kari Kental Special Bag 75 gr Carton (40 pcs),N/A,Rp 120.700,471 Terjual
Mie Instan Sedaap Goreng 1 Dus isi 40 Pcs,N/A,Rp 158.650,N/A
Sedaap Mie Instan Rasa Soto 5x75 Gram,N/A,Rp 21.900,6RB+ Terjual
6 Bungkus Mie Sedaap Mi Goreng 6pcs Promo Hemat | Mie Instan Enak Gurih Favorit | 7liya Snack N Grosir,N/A,Rp 27.900,1 Terjual
MIE SEDAAP Cup Rasa Soto 2pcs x 81gr,N/A,Rp 14.200,51 Terjual
[Mie] Sedaap Mie SELECTION All Varian | Aneka Pilihan Rasa,N/A,Rp 3.875,16 Terjual
1 dus mie sedaap cup semua rasa isi 12 cup PROMO,N/A,Rp 65.000,4RB+ Terjual
Sedaap Tasty Mie Instan Beef Yakiniku 115 gr Carton (12 pcs),N/A,Rp 74.600,398 Terjual
[Mie] Sedaap Mie All Varian | Aneka Pilihan Rasa,N/A,Rp 3.950,17 Terjual
Mie Sedaap Soto Bundle 8x5pcs Bumbu Lengkap,N/A,Rp 130.000,1RB+ Terjual
sedaap mie goreng bundle 5x90gr isi 8pcs/1dus,N/A,Rp 120.000,8 Terjual
SEDAAP Mie Goreng Devina X Baso Spesial (1dus isi 40pcs),N/A,Rp 128.800,123 Terjual
Mie Sedaap Rasa Soto,N/A,Rp 3.500,30 Terjual
Mie sedaap bakso special,N/A,Rp 3.500,57 Terjual
Mie Sedaap Goreng.,N/A,Rp 3.750,196 Terjual
Mie Sedaap Goreng,N/A,Rp 3.500,54 Terjual
MIE SEDAAP KUAH ALL VARIAN 1 DUS (40PCS),N/A,Rp 140.630,87 Terjual
MIE SEDAAP GORENG 5 pcs / MIE SEDAAP ORIGINAL,N/A,Rp 19.990,238 Terjual
Mie sedaap cup,N/A,Rp 5.527,277 Terjual
Mie Instan Sedaap Kari Ayam Rasa Enak Murah,N/A,Rp 4.000,2RB+ Terjual
Sedaap Mie Instan Soto Ayam 5 x 75g Kuah Gurih,N/A,Rp 16.350,417 Terjual
Mie Sedaap Cup Instan All Varian / Goreng / Soto / Rawit Bingit / Korean Spicy / Baso / Kari Spesial,N/A,Rp 5.720,9RB+ Terjual
[PAKET 5 PCS] Mie Sedaap Goreng ala Chef Devina Hermawan 91 gr - Rasa Otentik & Mewah!,N/A,Rp 20.999,4RB+ Terjual
Mie Sedaap Goreng Kemasan Bundle Isi 5 x 8,N/A,Rp 199.896,1 Terjual
Mie Sedaap - Mie Goreng Instant ALA CHEF DEVINA,N/A,Rp 3.950,797 Terjual
PAKET USAHA 12BUNGKUS MIE JEBEW (12pcs ),N/A,Rp 92.292,2RB+ Terjual
Mie Telur Yi Jian Mie Telur Egg Noodle Mie Kecil Mie Lebar 200 gr,N/A,Rp 6.998,10RB+ Terjual
mie Sedaap instant kuah rasa Ayam Jerit RAWIT BINGIT,N/A,Rp 4.200,349 Terjual
Sedaap Mie Instant Goreng 90 Gram - 5 Pack,N/A,Rp 17.500,14 Terjual
Mie Sedaap Laksa Singapore / 1 Dus / 40 pcs,N/A,Rp 143.785,100 Terjual
PROMO HEMAT 5pcs SEDAP MIE KUAH all varian,N/A,Rp 18.325,69 Terjual
[ 6 cup x 77g ] mie instan sedaap cup kuah,N/A,Rp 29.000,469 Terjual
Sedaap Mie Kuah Instan All Varian Rasa Kari Soto,N/A,Rp 3.650,1RB+ Terjual
Mie Sedaap Kari Spesial Kuah - 75g x 5 Bungkus | Rasa Lebih Kental dan Nikmat,N/A,Rp 20.500,25 Terjual
Sedaap Mie Instan Goreng Isi 5 Bag 90 Gr / Ts SembakO / GroSIr / HeMat,N/A,Rp 18.999,21 Terjual
Sedaap Mie Instan Cup Kari Spesial 81 gr,N/A,Rp 5.600,10RB+ Terjual
10 BUNGKUS MIE SEDAAP KUAH 10 BUNGKUS Mi Sedaap Kuah Mi Sedap - Beli Banyak = Makin Murah!!!,N/A,Rp 37.437,226 Terjual
Mie Sedaap Semua Rasa Kenyal Dan Gurih Per Pcs,N/A,Rp 4.961,4RB+ Terjual
10 Bungkus Mie Sedaap Goreng /Mie Sedaap Soto Mie Instan,N/A,Rp 39.999,1RB+ Terjual
SEDAAP MIE CURRY WHITE 81 GR,N/A,Rp 3.630,52 Terjual
Mi Sedaap Goreng Isi 5 Tekstur Kenyal,N/A,Rp 20.000,137 Terjual
Sedaap Mie Instan Cup Ayam Nampool 75 gr,N/A,Rp 5.600,10RB+ Terjual
Mie Instan Sedaap Goreng Kenyal Gurih 5 Pcs 90g,N/A,Rp 17.975,1RB+ Terjual
Mie Sedaap Kuah Ayam Jerit Rawit Bingit,N/A,Rp 5.000,170 Terjual
Sedaap Mie Instan Ayam Bakar Limau Bag 89 gr x40,N/A,Rp 128.300,1RB+ Terjual
Mie Sedaap Goreng / Soto Isi 5 Bungkus,N/A,Rp 17.900,26 Terjual
MIE SEDAAP GORENG - KOREAN SPICY CHICKEN / BULDAK CHEESE KEJU / BIASA / AYAM BAKAR LIMAU,N/A,Rp 5.500,4RB+ Terjual
[1 Dus] Mie Sedaap Cup Rawit Bingit [77g x 12 Cup],N/A,Rp 59.900,2RB+ Terjual
Mie Sedaap Goreng Instant 90gr,N/A,Rp 4.750,41 Terjual
Mie Sedaap Kari Ayam 1 Dus Isi 40 Bungkus,N/A,Rp 142.000,91 Terjual
Mie Sedaap Goreng 90g Bag Isi 5 | Mi Instan Kriuk Gurih Paling Laris,N/A,Rp 21.500,25 Terjual
PAKET HEMAT 3 PCS MIE SUKSES ISI 2 GORENG DAN KUAH,N/A,Rp 15.999,10RB+ Terjual
Mie Sedaap Mi Instan Goreng Selection Korean Cheese Buldak Spicy Chicken 1 Pcs,N/A,Rp 3.100,1RB+ Terjual
Paket Mie Sedaap Goreng Isi 5 Pcs Rasa Enak,N/A,Rp 18.000,70 Terjual
Mie Sedaap rasa Soto / ayam bawang mie instan kuah [1 dus isi 40 pc ],Rp 143.499,Rp 1.000,2RB+ Terjual
Mie Sedaap Kuah 69-83gr [ 1 PCS ],N/A,Rp 3.650,195 Terjual
Sedaap Mie Cup Baso Bleduk 77 Gram Pedas Kenyal,N/A,Rp 6.900,3RB+ Terjual
SEDAAP MIE KUAH RASA SOTO ISI 5 BUNGKUS X75 GR,N/A,Rp 12.990,831 Terjual
MIE SEDAAP GORENG DAN KUAH #ALL,N/A,Rp 3.500,3RB+ Terjual
Mie gaga 100 extra pedas jalapeno all variant per Dus,N/A,Rp 200.000,263 Terjual
Sedaap all varian / sedaap mie instant 1pcs,N/A,Rp 4.500,581 Terjual
Mie Sedap Kuah Dengan Berbagai Varian Rasa,N/A,Rp 3.500,277 Terjual
Mie Sedaap Goreng Dan Kuah All Variant Rasa Enak,N/A,Rp 5.000,3RB+ Terjual
Mie Sedaap Singapore Spicy Laksa 83gr Rasa Lezat,N/A,Rp 3.500,1RB+ Terjual
Mie Sakura instan rasa Kaldu & Goreng x 5 pcs mie jadul,N/A,Rp 18.050,4RB+ Terjual
MIE INTERMI - Mie Intermi Rasa Baso Sapi Harga 1 Dus isi 40pcs @55gr - Mie Instan Murah Meriah Promo,N/A,Rp 63.000,200 Terjual
Spix Mie Soba Mi Goreng Premium Pack - Netto 50 Gr,N/A,Rp 5.300,7RB+ Terjual
Mie Sedaap Korean Spicy Chicken 87 Gr 1 Dus Isi 40 Pcs,N/A,Rp 146.100,50 Terjual
Sedaap Mie Instan - Semua Varian Rasa [Mi Sedap Kuah & Goreng],N/A,Rp 3.880,3RB+ Terjual
Mie Sedaap Ayam Bawang 1 dus isi 40 pcs,N/A,Rp 151.500,68 Terjual
1 DUS MIE SEDAAP KUAH 1 DUS ISI 40 BUNGKUS Mi Sedaap Kuah Mie Sedap - Beli Banyak = Makin Murah!!!,N/A,Rp 141.608,667 Terjual
SEDAAP Mie Goreng Devina Korean Spicy Cheese & Kuah Soto Baso Kari Spesial Ayam Bawang Laksa (1dus) Baked Bayam Food Noodles Instan,N/A,Rp 140.500,1RB+ Terjual
SEDAAP Mie Instan Selection Series All Varian - Kemasan 83 gr,N/A,Rp 4.200,203 Terjual
Sedaap Mie Korean Spicy Soup 77 Gram,N/A,Rp 4.500,3RB+ Terjual
Mie Sedaap Soto Madura / 1 Dus / 40 Pcs,N/A,Rp 143.785,14 Terjual
Mie Telur Yi Jian egg Noodle 200 Gram / Mie instan Kecil Lebar,N/A,Rp 11.900,10RB+ Terjual
Mie Sedaap Rasa Soto,N/A,Rp 3.500,30 Terjual
Mie sedaap bakso special,N/A,Rp 3.500,57 Terjual
Mie Sedaap Goreng.,N/A,Rp 3.750,196 Terjual
Mie Sedaap Goreng,N/A,Rp 3.500,54 Terjual
SEDAAP Mie Instan Goreng & Kuah 1 karton isi 40 pcs - All Varian,Rp 131.800,Rp 99,500 Terjual
1 karton Mie Sedaap Goreng 1 Karton Isi 40 Pcs Mie Instan Favorit,N/A,Rp 144.500,6 Terjual
MAKANAN MI INSTAN MIE SEDAAP SEDAP BAKED GORENG PACK 10'S X 87GR,N/A,Rp 39.250,2 Terjual
indomie & sedaap mix variant rasa 1 dus mix,N/A,Rp 145.500,245 Terjual
SEDAAP MIE KUAH RASA SOTO ISI 5 BUNGKUS X75 GR,N/A,Rp 12.990,288 Terjual
Mie Sedaap Goreng Pack (isi 5 bungkus),N/A,Rp 20.850,2 Terjual
Mie Sedap All Varian Rasa Isi 40 Pcs,N/A,Rp 152.000,6 Terjual
SEDAAP MIE MIE INSTANT GORENG 5x91g,N/A,Rp 15.700,148 Terjual
Sedaap Mie Instan Goreng 5x90g Kenyal Dan Bawang Goreng,N/A,Rp 20.000,85 Terjual
SEDAAP MIE INSTAN 1DUS SEDAP GORENG/INDOMIE GORENG 1(40)/INDOMIE KUAH /INDOMIE JUMBO241DUS,N/A,Rp 105.000,188 Terjual
Mie Sedaap All Varian Rasa Enak Murah,N/A,Rp 3.600,9RB+ Terjual
INDOMIE / SEDAAP 1 DUS isi 40 pcs (mix ALL VARIAN),N/A,Rp 148.250,574 Terjual
Sedaap Mie Instan Goreng Bag 90 gr Box isi 40,N/A,Rp 149.000,N/A
SEDAAP MIE KOREAN SPICY SOUP BAG 77GR,N/A,Rp 3.000,19 Terjual
Mie Sedaap Goreng 40pcs per Karton expayet bulan 12 2026,N/A,Rp 134.850,2RB+ Terjual
( paket isi 10 ) Mie Sedaap SOTO isi 10biji / MIE SEDAAP KUAH,N/A,Rp 36.400,6 Terjual
Mie sedaap cup isi 12,N/A,Rp 56.000,13 Terjual
Mie Sedaap Goreng Korean Spicy 87g,N/A,Rp 3.900,2RB+ Terjual
SEDAAP MIE MIE INSTANT GORENG 5x91g,N/A,Rp 15.700,9 Terjual
Sedaap Mie Goreng 90 Gr,N/A,Rp 3.200,2RB+ Terjual
SEDAAP MIE MIE INSTANT GORENG 5x91g,N/A,Rp 15.700,136 Terjual
MIE SEDAAP CUP 3 RASA GORENG/ RAWIT BINGIT/ SPICY CHICKEN,N/A,Rp 9.000,370 Terjual
Mi Sedap Goreng Indomie Kenyal Bawang Crunchy,N/A,Rp 3.998,145 Terjual
SEDAAP Mi Instan Goreng 91gr isi 40pcs (1 Dus) | Mie Sedaap Goreng,N/A,Rp 100.000,602 Terjual
Sedap mie paket Begadang 10pc/nikmat dan gurih,N/A,Rp 40.000,18 Terjual
SEDAAP MIE GORENG 5X75 GR,N/A,Rp 14.800,86 Terjual
SEDAAP MIE GORENG 90GR,N/A,Rp 3.000,104 Terjual
Mie Sedaap Kari Spesial 1 Dus Isi 40 Bungkus,N/A,Rp 142.000,112 Terjual
MAKANAN MI INSTAN MIE SEDAAP SEDAP KOREAN SPICY SOUP PACK 5'S X 77GR,N/A,Rp 24.250,6 Terjual
Sedap Mie Instant Goreng Kenyal Isi 5x90gr,N/A,Rp 25.500,245 Terjual
Mie Sedaap Goreng Mie Instan 90 gram [ 1 Dus Isi 40 Pcs ],N/A,Rp 139.000,11 Terjual
Mie Sedaap Mie Instan Mi Goreng 90g ( 1 dus isi 40 bungkus ),N/A,Rp 147.500,412 Terjual
Mie Sedaap Goreng 1 dus,N/A,Rp 148.000,266 Terjual
Mie Sedap 1 DUS-40pcs-Murah nikmat+gurih,N/A,Rp 160.000,211 Terjual
Mie Sedaap Instan Rasa Aneka Pedas Spesial,N/A,Rp 3.200,2RB+ Terjual
Mie Sedaap Goreng 1 Dus Isi 40 bungkus - Mie Goreng Praktis dengan Rasa Nusantara,Rp 140.299,Rp 200,47 Terjual
mie sedaap kuah all varian 1dus isi 40pcs,N/A,Rp 148.000,3 Terjual
Mie Sedaap Cup 1 Dus Isi 12 Varian Rasa,N/A,Rp 69.859,758 Terjual
Mie Sedaap Rasa Soto 1 Dus 40pcs,N/A,Rp 128.400,N/A
Mie Instan Sedaap Goreng Karton Praktis Higienis,N/A,Rp 130.000,3RB+ Terjual
Sedaap Mie Cup Singapore Spicy Laksa 12 Pcs x 86 gr,N/A,Rp 67.800,10 Terjual
SEDAAP MIE KUAH RASA SOTO ISI 5 BUNGKUS X75 GR,N/A,Rp 12.490,202 Terjual
SEDAAP MIE MIE INSTANT GORENG 5x91g,N/A,Rp 15.700,164 Terjual
SEDAAP MIE MIE INSTANT GORENG 5x91g,N/A,Rp 15.700,139 Terjual
SEDAAP MIE TASTY BAKMI AYAM BEEF YAKINIKU 115g,N/A,Rp 5.800,N/A
SEDAAP MIE MIE INSTANT GORENG 5x91g,N/A,Rp 15.700,135 Terjual
MIE SEDAAP CUP ALL VARIANS,N/A,Rp 7.500,31 Terjual
Mie Sedaap Kuah Rasa Soto 1 Karton,N/A,Rp 145.980,12 Terjual
Mie Sedaap Cup Selection Korean Spicy Chicken [85g/12cup],N/A,Rp 72.000,N/A
Mie Sedaap Goreng Kemasan Bundle Isi 5 x 8,N/A,Rp 199.896,1 Terjual
Mie sedaap Kuah isi 40pcs 1dus,N/A,Rp 125.000,1RB+ Terjual
Mie Sedaap Soto Mie Instan 75 gram [ 1 Dus Isi 40 Pcs ],N/A,Rp 133.000,4 Terjual
6 Bungkus Mie Sedaap Mi Goreng 6pcs Promo Hemat | Mie Instan Enak Gurih Favorit | 7liya Snack N Grosir,N/A,Rp 27.900,1 Terjual
Mie Instant/ Mie Sedaap berbagai varian rasa/ 1 karton isi 40bks/ 1 karton boleh mix rasa,N/A,Rp 138.500,44 Terjual
Mie Sedaap Rasa Soto 76Gr Original Kuah Lezat Koya Gurih,N/A,Rp 7.701,6 Terjual
Mie Instan Sedaap Goreng 1 Dus isi 40 Pcs,N/A,Rp 158.650,N/A
SEDAAP MIE MIE INSTANT GORENG 5x91g,N/A,Rp 15.700,133 Terjual
SEDAAP Mie Instan Singapore Spicy Laksa Isi 5,N/A,Rp 21.350,2 Terjual
Mie Sedap Mie Goreng 5 Pcs Isi 5 Bungkus,N/A,Rp 17.000,35 Terjual
SEDAAP MIE RASA SOTO 75GR,N/A,Rp 3.000,30 Terjual
Mie Sedaap Rasa Soto,N/A,Rp 3.500,30 Terjual
Mie sedaap bakso special,N/A,Rp 3.500,57 Terjual
Mie Sedaap Goreng.,N/A,Rp 3.750,196 Terjual
Mie Sedaap Goreng,N/A,Rp 3.500,54 Terjual
PROMO SEDAAP ISI 5,N/A,Rp 14.900,7 Terjual
SEDAAP MIE MIE INSTANT GORENG 5x91g,N/A,Rp 15.700,140 Terjual
"Mie Sedaap Kuah Ayam Bawang, Bakso, Soto, sedap goreng, korean spicy, singapore spicy laksa Sedap 5pcs/Pack",N/A,Rp 21.428,392 Terjual
MIE SEDAAP GORENG INSTAN 91gr KARTON,N/A,Rp 135.000,6RB+ Terjual
SEDAAP MIE KUAH RASA SOTO ISI 5 BUNGKUS X75 GR,N/A,Rp 12.990,280 Terjual
Mie Sedaap 1 Dus Isi 40pcs Rasa Lezat (0135),N/A,Rp 129.000,9 Terjual
SEDAAP MIE MIE INSTANT GORENG 5x91g,N/A,Rp 15.700,151 Terjual
MAKANAN MI INSTAN MIE SEDAAP SEDAP RAWIT BINGIT BASO BLEDUK CUP PACK 6'S X 77GR,N/A,Rp 40.500,N/A
SEDAAP MIE MIE INSTANT GORENG 5x91g,N/A,Rp 15.700,138 Terjual
Mie Sedaap Rasa Soto ( 1 Dus Isi 40 Bungkus ),N/A,Rp 140.000,1 Terjual
SEDAAP MIE AYAM BAWANG ISI 5,N/A,Rp 14.880,77 Terjual
SEDAAP Mie Instan Singapore Spicy Laksa Isi 5,N/A,Rp 21.350,2 Terjual
SEDAAP MIE MIE INSTANT GORENG 5x91g,N/A,Rp 15.700,140 Terjual
[GROSIR] Mie Sedaap Goreng 1 Dus Isi 40 pcs Mie Instan Harga Murah & Original,N/A,Rp 141.000,595 Terjual
MIE SEDAAP KUAH ALL VARIAN 1 DUS (40PCS),N/A,Rp 140.900,42 Terjual
"Mie Sedaap & Indomie + Kresek, Rasa Enak Gurih",N/A,Rp 130.000,1RB+ Terjual
Mie Sedaap Tasty KARTON - Netto 129 Gr X 12 Bks,N/A,Rp 78.999,571 Terjual
Mie Sedaap Mi Instant Rasa Mi Goreng Per Pack Isi 5,N/A,Rp 32.000,1 Terjual
Mie Instan Sedaap Kuah & Goreng Ecer,N/A,Rp 3.850,578 Terjual
Mie Sedaap Goreng ( 1 Dus Isi 40 Bungkus ),N/A,Rp 140.500,N/A
Sedaap Mie Instan Perdus Isi 40 Bungkus,N/A,Rp 138.000,1 Terjual
SEDAAP MIE KUAH RASA SOTO ISI 5 BUNGKUS X75 GR,N/A,Rp 13.690,456 Terjual
MIE SEDAAP 1 DUS BANYAK RASA BISA MIX DAN REQUEST ISI 40 PCS,N/A,Rp 158.000,28 Terjual
SEDAP GORENG 1 dus [KARTON] Mie Goreng Sedaap 90 gram,N/A,Rp 148.500,946 Terjual
SEDAAP MIE MIE INSTANT GORENG 5x91g,N/A,Rp 15.700,141 Terjual
SEDAAP MIE MIE INSTANT SOTO 76g,N/A,Rp 3.100,4 Terjual
SEDAAP MIE KUAH RASA SOTO ISI 5 BUNGKUS X75 GR,N/A,Rp 13.290,254 Terjual
SEDAAP MIE MIE INSTANT GORENG 5x91g,N/A,Rp 15.700,134 Terjual
SEDAAP MIE MIE INSTANT GORENG 5x91g,N/A,Rp 15.700,138 Terjual
SEDAAP MIE MIE INSTANT GORENG 5x91g,N/A,Rp 15.700,164 Terjual
Sedaap Mie Instan Goreng 1 Dus 90 Gr X 40 Bks Produk Original ED Panjang,N/A,Rp 140.299,57 Terjual
"Mie Sedaap Baked mi instan tanpa di goreng 87g / 76g, rasa mi goreng / soto",N/A,Rp 4.000,6 Terjual
SEDAAP MIE KOREAN SPICY SOUP BAG 77GR,N/A,Rp 3.000,19 Terjual
SEDAAP MIE MIE INSTANT GORENG 5x91g,N/A,Rp 15.700,136 Terjual
[PAKET 10 PCS] Mie Sedaap Kuah All Varian - Pilih Rasa Favoritmu!,N/A,Rp 36.999,692 Terjual
[Mie] Sedaap Mie All Varian | Aneka Pilihan Rasa,N/A,Rp 3.950,17 Terjual
SEDAAP MIE GORENG ISI 5 BUNGKUS X 90 GR,N/A,Rp 17.110,2RB+ Terjual
I'M Soul Mie Sedaap Kari Spesial (1 dus 40 pcs),N/A,Rp 140.000,9 Terjual
Mie Sedaap All Variant Rasa Pilihan Goreng Kuah,N/A,Rp 3.999,312 Terjual
Mie Instan Sedaap Goreng 1Dus isi 40pcs,N/A,Rp 129.500,2 Terjual
SEDAAP MIE MIE INSTANT SOTO 5x76g,N/A,Rp 14.900,169 Terjual
Mie Sedap 1 Dus Isi 40 Mix Murah Grosir,N/A,Rp 149.999,78 Terjual
SEDAAP MIE MIE INSTANT GORENG 5x91g,N/A,Rp 15.700,158 Terjual
"MIE SEDAAP Cup - Korean Spicy, Soto, Kari, Ayam Nampol, Goreng",N/A,Rp 5.700,99 Terjual
Sedaap Mie Instan Goreng 90gr Isi 40 1 karton,N/A,Rp 148.900,2 Terjual
Mie Instan Sedaap Goreng Pack Isi 5 90gr,N/A,Rp 16.999,9 Terjual
SEDAAP MIE AYAM SPESIAL 69 GR,N/A,Rp 3.080,265 Terjual
"Sedaap Mie Instan Goreng 90 gr x 40 - Bawang Goreng Asli, Tekstur Kenyal, Rasa Komplit",N/A,Rp 125.000,1 Terjual
Paket Hemat 5 Mie Instan Goreng Sedaap dengan Rasa Ayam Geprek,N/A,Rp 19.959,N/A
SEDAAP MIE GORENG 5X75 GR,N/A,Rp 14.800,110 Terjual
SEDAAP MIE MIE INSTANT GORENG 5x91g,N/A,Rp 15.700,139 Terjual
SEDAAP MIE MIE INSTANT GORENG 5x91g,N/A,Rp 15.700,138 Terjual
Sedaap Mie Instant,N/A,Rp 3.300,348 Terjual
SEDAAP MIE MIE INSTANT SOTO 5x76g,N/A,Rp 14.900,170 Terjual
SEDAAP MIE MIE INSTANT GORENG 5x91g,N/A,Rp 15.700,144 Terjual
SEDAAP MIE GORENG 5X75 GR,N/A,Rp 14.800,86 Terjual
Mie Sedaap Goreng 1 Dus Isi 40 Pcs,N/A,Rp 147.000,184 Terjual
SEDAAP MIE GORENG 90 GR KARTON,N/A,Rp 106.990,11 Terjual
SEDAAP MIE MIE INSTANT SOTO 5x76g,N/A,Rp 14.900,173 Terjual
Mie Sedaap Rasa Soto,N/A,Rp 3.500,30 Terjual
Mie sedaap bakso special,N/A,Rp 3.500,57 Terjual
Mie Sedaap Goreng.,N/A,Rp 3.750,196 Terjual
Mie Sedaap Goreng,N/A,Rp 3.500,54 Terjual
SEDAAP MIE GORENG 5X75 GR,N/A,Rp 14.800,110 Terjual
Mie Sedaap Soto 1 Dus 40pc (5pcx8pack),N/A,Rp 129.900,15 Terjual
SEDAAP MIE RASA SOTO 75GR,N/A,Rp 3.000,30 Terjual
SEDAAP MIE MIE INSTANT GORENG 5x91g,N/A,Rp 15.700,154 Terjual
Mie Sedaap Instan perDUS isi 40pcs,N/A,Rp 142.000,3 Terjual
SEDAAP MIE RS AYAM BWNG 70G,N/A,Rp 3.000,6 Terjual
Mie Sedaap Dus Isi 40 Bungkus All Varian,N/A,Rp 151.550,32 Terjual
SEDAAP MIE MIE INSTANT GORENG 5x91g,N/A,Rp 15.700,135 Terjual
5 Pcs Mie Sedaap Goreng 91gr Rasa Gurih,N/A,Rp 23.000,125 Terjual
SEDAAP MIE GORENG 90 GR KARTON,N/A,Rp 106.990,11 Terjual
SEDAAP MIE MIE INSTANT SOTO 5x76g,N/A,Rp 14.900,167 Terjual
SEDAAP MIE GORENG ISI 5 BUNGKUS X 90 GR,N/A,Rp 16.680,987 Terjual
SEDAAP MIE GORENG ISI 5 BUNGKUS X 90 GR,N/A,Rp 16.680,679 Terjual
Mie sedaap korean spicy chicken,N/A,Rp 5.500,23 Terjual
Sedaap Mie Goreng,N/A,Rp 4.260,131 Terjual
SEDAAP MIE MIE INSTANT SOTO 5x76g,N/A,Rp 14.900,170 Terjual
Mie Sedaap Instant Rasa Soto (1 Dus/40 Pcs),N/A,Rp 139.000,7 Terjual
mie sedaap 1 dus ( bisa mix ),N/A,Rp 159.000,136 Terjual
SEDAAP MIE MIE INSTANT GORENG 5x91g,N/A,Rp 15.700,148 Terjual
SEDAAP MIE MIE INSTANT GORENG 5x91g,N/A,Rp 15.700,140 Terjual
Mie Sedaap All Varian isi 40 Pcs / Dus,N/A,Rp 136.700,153 Terjual
SEDAAP MIE MIE INSTANT GORENG 5x91g,N/A,Rp 15.700,135 Terjual
SEDAAP MIE MIE INSTANT GORENG 5x91g,N/A,Rp 15.700,150 Terjual
Paramart - Mie Sedaap Goreng 1 Dus Karton [Isi 40pcs] Mie Instan,N/A,Rp 143.199,108 Terjual
MIE SEDAP GORENG 90 GR / 1 DUS ISI 40,N/A,Rp 148.372,61 Terjual
Mie SEDAAP GORENG Mie Instant Sedap 1 DUS ISI [ 40 PCS ],Rp 148.999,Rp 1.000,2RB+ Terjual
Mie Sedaap Cup ALL Varian Rasa 79g,N/A,Rp 7.500,78 Terjual
SEDAAP MI GORENG ISI 5BKS @ 90G,N/A,Rp 16.680,1RB+ Terjual
SEDAAP MI GORENG ISI 5BKS @ 90G,N/A,Rp 16.680,850 Terjual
SEDAAP MIE MIE INSTANT GORENG 5x91g,N/A,Rp 15.700,141 Terjual
1 dus (40 bungkus) mie sedaap kuah rasa rawit bingit,N/A,Rp 125.500,3 Terjual
Sedaap Mie Instan Mi Goreng,N/A,Rp 4.010,9 Terjual
SEDAAP MIE KUAH RASA SOTO ISI 5 BUNGKUS X75 GR,N/A,Rp 13.290,356 Terjual
MIE SEDAAP AYAM BAWANG PER DUS,N/A,Rp 136.000,72 Terjual
SEDAAP MIE MIE INSTANT GORENG 5x91g,N/A,Rp 15.700,10 Terjual
sedap mi goreng 90 gr,N/A,Rp 3.800,30 Terjual
SEDAAP MIE GORENG 90 GR KARTON,N/A,Rp 106.990,72 Terjual
Mie Sedaap Instant Singapore Spicy Laksa (1 Dus/40 Pcs),N/A,Rp 139.000,27 Terjual
( Termurah ) Mie Sedaap Cup,N/A,Rp 7.000,11 Terjual
Sedap Mie Instant Soto Kenyal 5x75gr,N/A,Rp 24.990,141 Terjual
SEDAAP MI GORENG ALA CHEF DEVINA 93 GR,N/A,Rp 3.520,31 Terjual
SEDAAP MIE MIE INSTANT GORENG 5x91g,N/A,Rp 15.700,160 Terjual
Mie Sedaap Goreng Bundling Isi 5 1 Dus,N/A,Rp 138.000,42 Terjual
SEDAAP MIE KUAH RASA SOTO ISI 5 BUNGKUS X75 GR,N/A,Rp 13.290,254 Terjual
SEDAAP MIE MIE INSTANT SOTO 5x76g,N/A,Rp 14.900,207 Terjual
SEDAAP MIE MIE INSTANT GORENG 5x91g,N/A,Rp 15.700,156 Terjual
Sedaap Mie Instan Rasa Soto Isi 5 Pck,N/A,Rp 14.900,383 Terjual
SEDAAP MIE MIE INSTANT GORENG 5x91g,N/A,Rp 15.700,140 Terjual
1 DUS Mie Sedaap Isi 40 Pcs All Varian,N/A,Rp 128.500,819 Terjual
Sedaap Mie Instan Soto Isi 5 Bag 75 gr,N/A,Rp 20.000,2 Terjual
SEDAAP MIE MIE INSTANT SOTO 5x76g,N/A,Rp 14.900,168 Terjual
SEDAAP MIE MIE INSTANT SOTO 5x76g,N/A,Rp 14.900,272 Terjual
Mie Sedaap Goreng 1 dus | Promo,N/A,Rp 120.000,1 Terjual
Sedaap Mie Instan Goreng Sedaap 90 gr,N/A,Rp 3.800,90 Terjual
SEDAAP MIE MIE INSTANT GORENG 5x91g,N/A,Rp 15.700,143 Terjual
Mie Sedaap Instant Goreng (1 Dus/40 Pcs),N/A,Rp 147.000,9 Terjual
MAKANAN MI INSTAN MIE SEDAAP SEDAP RAWIT BINGIT RASA AYAM JERIT PACK 5'S X 77GR,N/A,Rp 24.250,2 Terjual
SEDAAP MIE GORENG ISI 5 BUNGKUS X 90 GR,N/A,Rp 16.680,327 Terjual
Sedaap Mie Cup Rasa Baso Bleduk,N/A,Rp 6.690,14 Terjual
Mie Sedaap Goreng Ala Chef Devina 93g – 1 Dus Isi 40 pcs | Rasa Spesial Khas Dapur Profesional,N/A,Rp 157.000,5 Terjual
Mie Sedaap Rasa Soto,N/A,Rp 3.500,30 Terjual
Mie sedaap bakso special,N/A,Rp 3.500,57 Terjual
Mie Sedaap Goreng.,N/A,Rp 3.750,196 Terjual
Mie Sedaap Goreng,N/A,Rp 3.500,54 Terjual
Sedaap Mie Goreng,N/A,Rp 4.260,131 Terjual
Mie Sedaap Rasa Soto 1 Dus 40 Pcs 75gr,N/A,Rp 125.000,3 Terjual
SEDAAP MIE MIE INSTANT GORENG 5x91g,N/A,Rp 15.700,143 Terjual
SEDAAP MIE GORENG ISI 5 BUNGKUS X 90 GR,N/A,Rp 16.680,930 Terjual
SEDAAP MIE GORENG ISI 5 BUNGKUS X 90 GR,N/A,Rp 16.680,303 Terjual
Sedaap Mie Instan Rasa Soto Isi 5 Pck,N/A,Rp 14.900,383 Terjual
Mie Sedaap Instant Goreng (1 Dus/40 Pcs),N/A,Rp 147.000,9 Terjual
Mie Sedap Goreng 90 Gram 1Ds isi 40 Pcs Harga Per Dus Lebih Murah,N/A,Rp 143.200,853 Terjual
mie sedaap goreng 1 dus,N/A,Rp 125.840,1 Terjual
SEDAAP MIE SOTO 5X75G,N/A,Rp 13.000,511 Terjual
Mie Sedaap Soto Instan 75gr 1 Pack Isi 5 Pcs,N/A,Rp 17.800,2 Terjual
SEDAAP MIE GORENG ISI 5 BUNGKUS X 90 GR,N/A,Rp 16.680,926 Terjual
Mie Sedaap Semua Varian 1 Dus Bisa Di Campur isi 40Pcs Free Box dan Bubble Warp,N/A,Rp 128.500,123 Terjual
MAKANAN MI INSTAN MIE SEDAAP SEDAP RAWIT BINGIT RASA AYAM JERIT PACK 5'S X 77GR,N/A,Rp 24.250,2 Terjual
Mie Sedaap Kuah Kari Ayam / Kari Ayam / Kari Special / Soto / Soto Madura,N/A,Rp 135.000,13 Terjual
SEDAAP MIE GORENG ISI 5 BUNGKUS X 90 GR,N/A,Rp 16.680,2RB+ Terjual
Mie Sedaap Cup Goreng ( 1 Kardus isi 12pc),N/A,Rp 66.000,N/A
Sedaap Mie Cup Rasa Baso Bleduk,N/A,Rp 6.690,14 Terjual
Makanan Mi Instan Mie SedAAP Sedap Rawit Bingit Rasa Ayam Jerit Per Karton Isi 40's X 77gr,N/A,Rp 152.000,5 Terjual
"Mie Sedaap White Curry 81g – 1 Dus Isi 40 pcs | Kuah Kari Putih Lezat, Kaya Rempah dan Gurih",N/A,Rp 152.600,15 Terjual
Mie Instan Sedaap Kuah Soto 1Pack Isi 5 Bungkus X 8Pack ( SATU DOS),N/A,Rp 165.000,33 Terjual
SEDAAP MIE GORENG 1kardus/Mie SEDAAP GORENG/Mie instan SEDAAP GORENG,N/A,Rp 146.800,15 Terjual
MAKANAN MI INSTAN MIE SEDAAP SEDAP GORENG PACK 5'S X 90GR,N/A,Rp 24.250,13 Terjual
1 dus (40 bungkus) Mie sedaap goreng,N/A,Rp 130.000,N/A
Sedaap Mie Instan 1 Dus isi 40 pcs - Goreng & Kuah Semua Varian,N/A,Rp 147.000,53 Terjual
Makanan Mi Instan Mie SedAAP Sedap Cup Baso SpESial Per Karton Isi 12's X 77gr,N/A,Rp 76.500,1 Terjual
SEDAAP MIE MIE INSTANT GORENG 5x91g,N/A,Rp 15.700,138 Terjual
MAKANAN MI INSTAN MIE SEDAAP SEDAP RAWIT BINGIT BASO BLEDUK CUP PACK 6'S X 77GR,N/A,Rp 40.500,N/A
Mie Sedap Goreng 1 Kardus (Isi 40 Pcs) – Mie Instan Goreng Sedaap,N/A,Rp 161.513,25 Terjual
Mie Sedaap goreng harga per karton isi 40,N/A,Rp 140.000,4 Terjual
MIE SEDAAP GORENG 1karton isi 40 pcs,N/A,Rp 125.500,3 Terjual
SEDAAP MIE MIE INSTANT GORENG 5x91g,N/A,Rp 15.700,143 Terjual
SEDAAP MIE MIE INSTANT GORENG 5x91g,N/A,Rp 15.700,6 Terjual
"Mie Instan Sedaap Goreng 90g - Rasa Gurih, Praktis, dan Higienis",N/A,Rp 132.999,5 Terjual
(DUS) CUP MIE SEDAAP ISI 12 N1858,N/A,Rp 75.624,2 Terjual
JRstore - INDOMIE MIX / CAMPUR SEDAAP 1 DUS ISI 40 PCS [EXP 2027] INDOMIE SERIES KOREAN ISI 20 PCS SEDAAP ALL VARIAN,N/A,Rp 106.635,9RB+ Terjual
POP MIE INSTANT CUP / MIE SEDAAP CUP,N/A,Rp 6.900,33 Terjual
VAVA - (KARGO INSTAN) INDOMIE DAN SEDAAP GORENG 1DUS 40PCS,N/A,Rp 363.000,91 Terjual
mie sedaap ayam spesial 1 dus isi 40 pcs,N/A,Rp 114.500,1RB+ Terjual
Mie instan - Mie Sedaap Mix variant 1 dus 40 pcs ( Best seller),N/A,Rp 143.500,49 Terjual
Mie Sedaap Mie Instan / Mie Sedap 1 dus goreng / soto / laksa / chef Devina / korean / Mix rasa,N/A,Rp 138.000,12 Terjual
Mie Sedaap Goreng Isi 5 Bungkus / Mie Instan Goreng,N/A,Rp 19.000,55 Terjual
[1 Dus] Sedaap Mie Instan Goreng Isi 5 x8 Pack - Rumeva Store,N/A,Rp 164.999,3 Terjual
MAKANAN MIE INSTAN MI SEDAAP SEDAP RASA SOTO CUP PACK 6'S X 77GR,N/A,Rp 40.500,N/A
Mie Mi Goreng Soto Ayam Bawang Sedaap Sedap Bag isi 5 bungkus,N/A,Rp 19.800,651 Terjual
SEDAAP MIE MIE INSTANT GORENG 5x91g,N/A,Rp 15.700,147 Terjual
SEDAAP MIE MIE INSTANT GORENG 5x91g,N/A,Rp 15.700,243 Terjual
40 Pcs Mie Sedaap goreng Instan Karton (sekardus),N/A,Rp 130.000,N/A
Langsung Kirim Aneka Mie sedaap dan indomie (toserbakeiket),N/A,Rp 132.000,783 Terjual
SEDAAP MIE RASA SOTO 75GR,N/A,Rp 3.000,29 Terjual
SEDAAP MI KUAH RASA SOTO ISI 5BKS @75 GR KARTON,N/A,Rp 101.990,79 Terjual
SEDAAP MI GORENG ISI 5BKS @ 90G,N/A,Rp 16.680,468 Terjual
SEDAAP MIE KUAH RASA SOTO ISI 5 BUNGKUS X75 GR,N/A,Rp 13.290,254 Terjual
SEDAAP MI GORENG ISI 5BKS @ 90G,N/A,Rp 16.680,810 Terjual
Mie Sedap Goreng 1 Karton Termurah,N/A,Rp 140.000,34 Terjual
SEDAAP MI GORENG ISI 5BKS @ 90G,N/A,Rp 17.110,466 Terjual
SEDAAP MIE GORENG ISI 5 BUNGKUS X 90 GR,N/A,Rp 16.680,1RB+ Terjual
Mie Sedaap Cup Mie Instan dalam kemasan Cup / Mie Sedap rasa soto / bakso / ayam / kari / laksa,N/A,Rp 6.500,95 Terjual
Mie Sedaap Mie Instan / Mie Sedap goreng / soto / korean / kari / laksa / ayam bawang,N/A,Rp 4.400,181 Terjual
SEDAAP MI KUAH RASA SOTO ISI 5BKS @75 GR KARTON,N/A,Rp 101.990,112 Terjual
Mie Sedaap Rasa Soto,N/A,Rp 3.500,30 Terjual
Mie sedaap bakso special,N/A,Rp 3.500,57 Terjual
Mie Sedaap Goreng.,N/A,Rp 3.750,196 Terjual
Mie Sedaap Goreng,N/A,Rp 3.500,54 Terjual
SEDAAP MIE GORENG 5X75 GR,N/A,Rp 14.800,212 Terjual
SEDAAP MIE MIE INSTANT GORENG 5x91g,N/A,Rp 15.700,139 Terjual
SEDAAP MIE MIE INSTANT SOTO 5x76g,N/A,Rp 14.900,166 Terjual
Sedaap Mie Instan Goreng Isi 5 Bag 90 Gr,N/A,Rp 15.400,10RB+ Terjual
SEDAAP MIE MIE INSTANT GORENG 5x91g,N/A,Rp 15.700,158 Terjual
SEDAAP MIE GORENG ISI 5 450g,N/A,Rp 20.182,24 Terjual
Sedaap Mie Instan Soto Bag 75 gr isi 40 (Kardus) mie rasa soto mie kuah,N/A,Rp 139.900,13 Terjual
Mie Sedaap Goreng 1 Dus (Isi 40 Pcs),N/A,Rp 133.000,32 Terjual
SEDAAP MIE MIE INSTANT GORENG 5x91g,N/A,Rp 15.700,134 Terjual
SEDAAP MI GORENG ISI 5BKS @ 90G,N/A,Rp 17.110,466 Terjual
Sedaap Mie Soto Madura 82g Otentik Nikmat,Rp 5.500,Rp 1.000,8 Terjual
SEDAAP MIE MIE INSTANT SOTO 5x76g,N/A,Rp 14.900,173 Terjual
Mie Sedaap Goreng 85 gram,N/A,Rp 4.500,172 Terjual
SEDAAP MIE MIE INSTANT SOTO 5x76g,N/A,Rp 14.900,171 Terjual
SEDAAP MIE KUAH RASA SOTO ISI 5 BUNGKUS X75 GR,N/A,Rp 13.290,352 Terjual
SEDAAP MIE KOREAN CHEESE BULDAK 86GR,N/A,Rp 3.200,28 Terjual
SEDAAP MIE MIE INSTANT GORENG 5x91g,N/A,Rp 15.700,162 Terjual
SEDAAP MIE MIE INSTANT SOTO 5x76g,N/A,Rp 14.900,174 Terjual
MIE SEDAAP GORENG,N/A,Rp 3.800,47 Terjual
SEDAAP MIE GORENG ISI 5 BUNGKUS X 90 GR,N/A,Rp 16.680,679 Terjual
Mie Sedaap Goreng Ayam Krispi,N/A,Rp 4.130,19 Terjual
Mie Sedaap Goreng 1 Dus- Mie Goreng Praktis dengan Rasa Nusantara,N/A,Rp 128.000,11 Terjual
Sedaap Mie Instant Rasa Soto 5x76g,N/A,Rp 14.900,268 Terjual
SEDAAP MIE KUAH RASA SOTO ISI 5 BUNGKUS X75 GR,N/A,Rp 13.290,431 Terjual
SEDAAP MIE MIE INSTANT GORENG 5x91g,N/A,Rp 15.700,138 Terjual
SEDAAP MIE MIE INSTANT SOTO 5x76g,N/A,Rp 14.900,260 Terjual
Sedaap Mie Instan Bakmi Ayam Tasty 129 gr,N/A,Rp 7.000,50 Terjual
SEDAAP MIE INSTAN GORENG ORIGINAL 91g ISI 5,N/A,Rp 20.500,44 Terjual
Sedaap Mie Instan Soto Banded 5 x 75 gr,N/A,Rp 17.100,143 Terjual
Sedaap Mie Instan Soto Banded 5 x 75 Gr,N/A,Rp 17.100,257 Terjual
SATU DUS ATAU 1 KARTON MIE SEDAAP MIX RANDOM DAN REQUEST 40 PCS,N/A,Rp 171.500,146 Terjual
MIE SEDAAP INSTANT CUP SELECTION 81gram,N/A,Rp 8.000,N/A
SEDAAP MIE MIE INSTANT GORENG 5x91g,N/A,Rp 15.700,156 Terjual
Mie Sedaap Korean Spicy Chicken,N/A,Rp 4.130,23 Terjual
SEDAAP MIE MIE INSTANT SOTO 5x76g,N/A,Rp 14.900,221 Terjual
SEDAAP MIE MIE INSTANT SOTO 5x76g,N/A,Rp 14.900,272 Terjual
SEDAAP MIE GORENG ISI 5 BUNGKUS X 90 GR,N/A,Rp 16.680,24 Terjual
"Mie Sedaap cup rasa soto karton isi 12 cups, mie instant",N/A,Rp 65.000,7 Terjual
SEDAAP MIE MIE INSTANT GORENG 5x91g,N/A,Rp 15.700,133 Terjual
SEDAAP MIE MIE INSTANT SOTO 5x76g,N/A,Rp 14.900,208 Terjual
Sedaap Mie Instan Goreng 5 in 1 Bag 5 x 90 gr,N/A,Rp 17.700,316 Terjual
Sedaap Mie Instant 5 x 90g ,N/A,Rp 24.900,20 Terjual
Sedaap Mie Instan Soto Banded 5 x 75 Gr,N/A,Rp 17.100,163 Terjual
SEDAAP MIE MIE INSTANT SOTO 5x76g,N/A,Rp 14.900,186 Terjual
SEDAAP MIE MIE INSTANT GORENG 5x91g,N/A,Rp 15.700,143 Terjual
SEDAAP MIE GORENG ISI 5 BUNGKUS X 90 GR,N/A,Rp 16.680,930 Terjual
SEDAAP MIE MIE INSTANT GORENG 5x91g,N/A,Rp 15.700,173 Terjual
SEDAAP MIE MIE INSTANT GORENG 5x91g,N/A,Rp 15.700,142 Terjual
SEDAAP MIE KARI KENTAL SPESIAL 75 GR,N/A,Rp 3.200,1RB+ Terjual
SEDAAP MIE MIE INSTANT GORENG 5x91g,N/A,Rp 15.700,343 Terjual
SEDAAP MIE MIE INSTANT GORENG 5x91g,N/A,Rp 15.700,134 Terjual
Aneka Mie SedAAP isi 40 pcs Dus,N/A,Rp 140.000,33 Terjual
SEDAAP MIE GORENG ISI 5 BUNGKUS X 90 GR,N/A,Rp 16.680,775 Terjual
SEDAAP MIE MIE INSTANT SOTO 5x76g,N/A,Rp 14.900,166 Terjual
SEDAAP MIE GORENG ISI 5 BUNGKUS X 90 GR,N/A,Rp 16.680,509 Terjual
SEDAAP MIE MIE INSTANT SOTO 5x76g,N/A,Rp 14.900,21 Terjual
SEDAAP MIE MIE INSTANT GORENG 5x91g,N/A,Rp 15.700,150 Terjual
SEDAAP MI GORENG ISI 5BKS @ 90G,N/A,Rp 16.680,810 Terjual
SEDAAP MIE MIE INSTANT SOTO 5x76g,N/A,Rp 14.900,168 Terjual
Mie Sedaap Rasa Soto,N/A,Rp 3.500,30 Terjual
Mie sedaap bakso special,N/A,Rp 3.500,57 Terjual
Mie Sedaap Goreng.,N/A,Rp 3.750,196 Terjual
Mie Sedaap Goreng,N/A,Rp 3.500,54 Terjual
Sedaap Mie Instan Soto Banded 5 x 75 Gr,N/A,Rp 17.100,257 Terjual
MIE GORENG mie sedaap instan goreng per dus isi 40pcs,N/A,Rp 140.000,27 Terjual
SEDAAP MIE GORENG ISI 5 BUNGKUS X 90 GR,N/A,Rp 16.680,930 Terjual
SEDAAP MIE MIE INSTANT SOTO 5x76g,N/A,Rp 14.900,204 Terjual
SEDAAP MIE MIE INSTANT SOTO 5x76g,N/A,Rp 14.900,168 Terjual
SEDAAP MI GORENG ISI 5BKS @ 90G,N/A,Rp 16.680,810 Terjual
SEDAAP MI GORENG ISI 5BKS @ 90G,N/A,Rp 16.680,850 Terjual
Sedaap Mie Instant Singapore Spicy Laksa 83 Gram,N/A,Rp 5.000,18 Terjual
SEDAAP MIE KARI KENTAL SPESIAL 75 GR,N/A,Rp 3.200,1RB+ Terjual
SEDAAP MIE MIE INSTANT SOTO 5x76g,N/A,Rp 14.900,169 Terjual
UKURAN KHUSUS | MIE SEDAAP | 1 DUS | ISI 40 PCS | BISA MIX | ALL VARIAN,N/A,Rp 77.000,3 Terjual
Sedaap Mie Instan Goreng 5 in 1 Bag 5 x 90 gr,N/A,Rp 17.700,316 Terjual
Sedaap Mie Instan Soto Banded 5 x 75 gr,N/A,Rp 17.100,143 Terjual
Sedaap Mie Soto 75gr Rasa Segar Stock Terbatas,N/A,Rp 4.521,1RB+ Terjual
SEDAAP MIE KOREAN SPICY CHICKEN 87 GR,N/A,Rp 3.520,262 Terjual
SEDAAP MIE MIE INSTANT GORENG 5x91g,N/A,Rp 15.700,144 Terjual
Sedaap Mie Instan Soto Banded 5 x 75 Gr,N/A,Rp 17.100,163 Terjual
SEDAAP MIE MIE INSTANT GORENG 5x91g,N/A,Rp 15.700,273 Terjual
Mie sedaap 1 karton isi 40 pcs enak dan lezat,Rp 128.655,Rp 15.000,1 Terjual
SEDAAP MIE GORENG 5'S KARTON - 1 Dus isi 8 Pack,N/A,Rp 147.000,59 Terjual
Mie Sedaap Sedap Goreng 1 DUS (GRATIS ONGKIR INSTANT),N/A,Rp 148.062,7 Terjual
SEDAAP ~ MIE INSTAN GORENG/SOTO/RAWIT 1 KARTON (40BKS lebih banyaaak),N/A,Rp 135.000,14 Terjual
SEDAAP MIE GORENG ISI 5 BUNGKUS X 90 GR,N/A,Rp 17.110,504 Terjual
SEDAAP MIE MIE INSTANT GORENG 5x91g,N/A,Rp 15.700,136 Terjual
SEDAAP MIE MIE INSTANT SOTO 5x76g,N/A,Rp 14.900,235 Terjual
SEDAAP MIE MIE INSTANT SOTO 5x76g,N/A,Rp 14.900,168 Terjual
SEDAAP MI GORENG ISI 5BKS @ 90 GR KARTON,N/A,Rp 131.380,79 Terjual
"Mie Sedaap Instant Goreng All Varian 90gr - Gurih, Kenyal, Diperkaya Vitamin",N/A,Rp 4.000,336 Terjual
Sedaap Mie Instan Bakmi Ayam Tasty 129 gr,N/A,Rp 7.000,70 Terjual
SEDAAP MIE MIE INSTANT SOTO 5x76g,N/A,Rp 14.900,171 Terjual
SEDAAP MI GORENG ISI 5BKS @ 90G,N/A,Rp 16.680,468 Terjual
SEDAAP MIE GORENG SELECTION KOREAN SPICY CHICKEN 87g ISI 5,N/A,Rp 20.650,21 Terjual
Sedaap Mie Instan Soto Banded 5 x 75 Gr,N/A,Rp 17.100,367 Terjual
SEDAAP MIE GORENG ISI 5 BUNGKUS X 90 GR,N/A,Rp 16.680,1RB+ Terjual
SEDAAP MIE MIE INSTANT GORENG 5x91g,N/A,Rp 15.700,217 Terjual
Sedaap Mie Instan Goreng Sedaap 90 gr,N/A,Rp 3.800,114 Terjual
SEDAAP MIE KARI KENTAL SPESIAL 75 GR,N/A,Rp 3.410,89 Terjual
SEDAAP MIE MIE INSTANT SOTO 5x76g,N/A,Rp 14.900,203 Terjual
SEDAAP MIE RS AYAM BWNG 70G,N/A,Rp 3.000,6 Terjual
Sedaap Mie Instan Singapore Spicy Laksa 82 gr,N/A,Rp 3.800,307 Terjual
Mie Sedaap Goreng karton isi 40pcs,N/A,Rp 134.750,52 Terjual
Sedaap Mie Instan Goreng 5 in 1 Bag 5 x 90 gr,N/A,Rp 17.700,305 Terjual
SEDAAP MIE MIE INSTANT SOTO 5x76g,N/A,Rp 14.900,169 Terjual
SEDAAP MI KUAH RASA SOTO ISI 5BKS @75 GR KARTON,N/A,Rp 101.990,112 Terjual
SEDAAP MI GORENG ISI 5BKS @ 90G,N/A,Rp 16.680,1RB+ Terjual
SEDAAP MIE MIE INSTANT GORENG 5x91g,N/A,Rp 15.700,221 Terjual
Sedaap Mie Instan Goreng 5 in 1 Bag 5 x 90 gr,N/A,Rp 17.700,239 Terjual
SEDAAP MIE MIE INSTANT GORENG 5x91g,N/A,Rp 15.700,212 Terjual
SEDAAP MI GORENG ISI 5BKS @ 90G,N/A,Rp 17.110,193 Terjual
mie sedap spicy laksa singapore 1 dus isi 40 bungkus mie sedaap laksa,N/A,Rp 133.400,7 Terjual
SEDAAP MIE MIE INSTANT GORENG 5x91g,N/A,Rp 15.700,229 Terjual
SEDAAP MIE MIE INSTANT SOTO 5x76g,N/A,Rp 14.900,180 Terjual
SEDAAP MIE MIE INSTANT GORENG 5x91g,N/A,Rp 15.700,142 Terjual
SEDAAP MIE MIE INSTANT AYAM BAWANG 5x71g,N/A,Rp 14.900,47 Terjual
SEDAAP MIE MIE INSTANT GORENG 5x91g,N/A,Rp 15.700,160 Terjual
Mi Goreng Sedaap 1 dus isi 40 Bks mi sedap,N/A,Rp 169.785,17 Terjual
SEDAAP MI KUAH RASA SOTO ISI 5BKS @75 GR KARTON,N/A,Rp 101.990,79 Terjual
SEDAAP MIE MIE INSTANT GORENG 5x91g,N/A,Rp 15.700,225 Terjual
Sedaap Mie Instan Soto Banded 5 x 75 Gr,N/A,Rp 17.100,289 Terjual
Mie Sedaap Cup All Variant,N/A,Rp 7.000,13 Terjual
Mie Sedaap Rasa Soto,N/A,Rp 3.500,30 Terjual
Mie sedaap bakso special,N/A,Rp 3.500,57 Terjual
Mie Sedaap Goreng.,N/A,Rp 3.750,196 Terjual
Mie Sedaap Goreng,N/A,Rp 3.500,54 Terjual
1 Dus mie goreng sedaap isi 40pcs,N/A,Rp 126.999,1 Terjual
Sedaap Mie Instan Goreng Sedaap 90 gr,N/A,Rp 3.800,114 Terjual
SEDAAP MI GORENG ISI 5BKS @ 90 GR KARTON,N/A,Rp 131.920,3 Terjual
SEDAAP MIE MIE INSTANT GORENG 5x91g,N/A,Rp 15.700,162 Terjual
SEDAAP MIE MIE INSTANT SOTO 5x76g,N/A,Rp 14.900,175 Terjual
Sedaap Mie Instan Soto Banded 5 x 75 Gr,N/A,Rp 17.100,257 Terjual
Sedaap Mie Instan Soto Banded 5 x 75 Gr,N/A,Rp 17.100,298 Terjual
Sedaap Mie Ayam Bawang 70 Gr,N/A,Rp 3.410,194 Terjual
SEDAAP MIE GORENG ISI 5 BUNGKUS X 90 GR,N/A,Rp 16.360,188 Terjual
Mie Sedaap Instant Jelas Terasa Sedapnya Sedap,N/A,Rp 4.060,69 Terjual
Mie Sedaap Goreng Instant 1 Dos,N/A,Rp 156.000,1 Terjual
Sedaap Mie Instan Goreng Sedaap 90 gr,N/A,Rp 3.800,90 Terjual
SEDAAP MIE MIE INSTANT GORENG 5x91g,N/A,Rp 15.700,223 Terjual
MIE SEDAAP INSTANT PCS (BUNGKUS),N/A,Rp 4.375,173 Terjual
Mie Sedaap Rasa Soto,N/A,Rp 4.000,57 Terjual
SEDAAP MI KUAH RASA SOTO ISI 5BKS @75 GR KARTON,N/A,Rp 124.110,16 Terjual
Sedaap Mie Instan Soto Banded 5 x 75 Gr,N/A,Rp 17.100,163 Terjual
Mie Sedaap Goreng / Mi Sedap Soto / selection Singapore Laksa / Korean spicy chicken,N/A,Rp 36.600,410 Terjual
Sedaap Mie Instan Soto Banded 5 x 75 gr,N/A,Rp 17.100,143 Terjual
SEDAAP MIE KARI AYAM 72 GR,N/A,Rp 3.410,139 Terjual
SEDAAP MIE GORENG ISI 5 BUNGKUS X 90 GR,N/A,Rp 17.110,242 Terjual
SEDAAP MIE MIE INSTANT GORENG 5x91g,N/A,Rp 15.700,142 Terjual
SEDAAP MIE CURRY WHITE 81 GR,N/A,Rp 3.630,93 Terjual
Sedaap Mie Instan Baked Goreng 87 gram,N/A,Rp 3.400,6 Terjual
SEDAAP MIE MIE INSTANT SOTO 5x76g,N/A,Rp 14.900,171 Terjual
Sedaap Mie Instan Goreng 5 in 1 Bag 5 x 90 gr,N/A,Rp 17.700,316 Terjual
Mie Sedap - All Variant / Satusama,N/A,Rp 3.486,10RB+ Terjual
SEDAAP MIE MIE INSTANT SOTO 5x76g,N/A,Rp 14.900,180 Terjual
SEDAAP MIE KOREAN SPICY CHICKEN 87 GR,N/A,Rp 3.200,1RB+ Terjual
SEDAAP MIE GORENG 90 GR KARTON,N/A,Rp 136.590,2 Terjual
SEDAAP MI GORENG ISI 5BKS @ 90G,N/A,Rp 17.110,364 Terjual
SEDAAP MIE MIE INSTANT SOTO 5x76g,N/A,Rp 14.900,197 Terjual
SEDAAP MIE MIE INSTANT GORENG 5x91g,N/A,Rp 15.700,225 Terjual
SEDAAP MIE MIE INSTANT GORENG 5x91g,N/A,Rp 15.700,160 Terjual
SEDAAP MIE GORENG AYAM BAKAR LIMAU 89G,N/A,Rp 3.200,449 Terjual
Mie Sedaap Instant Rasa Soto/Mie Sedaap Instant Mi Goreng (1 Dus isi 40 Pcs),N/A,Rp 136.000,11 Terjual
SEDAAP MI GORENG ISI 5BKS @ 90 GR KARTON,N/A,Rp 134.380,48 Terjual
SEDAAP MI GORENG ISI 5BKS @ 90 GR KARTON,N/A,Rp 134.380,16 Terjual
SEDAAP MIE GORENG 90 GR KARTON,N/A,Rp 145.360,1 Terjual
Sedaap Mie Instan Goreng 5 in 1 Bag 5 x 90 gr,N/A,Rp 17.700,239 Terjual
SEDAAP MIE MIE INSTANT GORENG 5x91g,N/A,Rp 15.700,152 Terjual
SEDAAP MI GORENG ISI 5BKS @ 90 GR KARTON,N/A,Rp 135.340,5 Terjual
Sedaap Mie Instan Bakmi Ayam Tasty 129 gr,N/A,Rp 7.000,70 Terjual
Sedaap Mie Instan Mi Goreng Cup 85 gr,N/A,Rp 6.200,57 Terjual
SEDAAP MIE MIE INSTANT GORENG 5x91g,N/A,Rp 15.700,161 Terjual
Sedaap Mie Instan Singapore Spicy Laksa 82 gr,N/A,Rp 3.800,420 Terjual
Sedaap Mie Instan Soto Banded 5 x 75 Gr,N/A,Rp 17.100,274 Terjual
Sedaap Mie Instan Soto Banded 5 x 75 Gr,N/A,Rp 17.100,289 Terjual
Sedaap Mie Instan Singapore Spicy Laksa 82 gr,N/A,Rp 3.800,307 Terjual
Sedaap Mie Instan Soto Banded 5 x 75 Gr,N/A,Rp 17.100,367 Terjual
SEDAAP MIE MIE INSTANT GORENG 5x91g,N/A,Rp 15.700,188 Terjual
Sedaap Mie Instan Goreng 5 in 1 Bag 5 x 90 gr,N/A,Rp 17.700,263 Terjual
Sedaap Mie Instan Goreng 5 in 1 Bag 5 x 90 gr,N/A,Rp 17.700,305 Terjual
SEDAAP MIE MIE INSTANT SOTO 5x76g,N/A,Rp 14.900,180 Terjual
Mie Sedaap Goreng 90gr + Kriuk Bawang Goreng Asli,N/A,Rp 4.995,24 Terjual
Sedaap Mie Instan Soto Banded 5 x 75 Gr,N/A,Rp 17.100,298 Terjual
Mie Instan Karton Indomie Sedaap Sarimi Sakura,N/A,Rp 89.107,100 Terjual
Sedaap Mie Instan Bakmi Ayam Tasty 129 gr,N/A,Rp 7.000,136 Terjual
Sedaap Mie Instan Soto Banded 5 x 75 Gr,N/A,Rp 17.100,173 Terjual
SEDAAP MIE GORENG CUP 85 GR,N/A,Rp 5.340,69 Terjual
Mie Sedaap Rasa Soto,N/A,Rp 3.500,30 Terjual
Mie sedaap bakso special,N/A,Rp 3.500,57 Terjual
Mie Sedaap Goreng.,N/A,Rp 3.750,196 Terjual
Mie Sedaap Goreng,N/A,Rp 3.500,54 Terjual
